<?xml version="1.0" encoding="utf-8"?>
<System>
  <P Name="Location">[1913, 118, 3847, 1172]</P>
  <P Name="Open">on</P>
  <P Name="SetExecutionDomain">off</P>
  <P Name="ExecutionDomainType">Deduce</P>
  <P Name="ZoomFactor">125</P>
  <P Name="ReportName">simulink-default.rpt</P>
  <P Name="SIDHighWatermark">402</P>
  <P Name="SimulinkSubDomain">Simulink</P>
  <Block BlockType="Clock" Name="Clock" SID="159">
    <P Name="Position">[-5220, 1460, -5200, 1480]</P>
    <P Name="ZOrder">3909</P>
    <P Name="Decimation">50</P>
  </Block>
  <Block BlockType="Clock" Name="Clock1" SID="295">
    <P Name="Position">[-5220, 955, -5200, 975]</P>
    <P Name="ZOrder">15748</P>
    <P Name="Decimation">50</P>
  </Block>
  <Block BlockType="Constant" Name="Constant1" SID="296">
    <P Name="Position">[-4610, 830, -4580, 860]</P>
    <P Name="ZOrder">15750</P>
    <P Name="Value">[8 8 8]</P>
  </Block>
  <Block BlockType="Constant" Name="Constant2" SID="402">
    <P Name="Position">[-4610, 1315, -4580, 1345]</P>
    <P Name="ZOrder">15764</P>
    <P Name="Value">[8 8 8]</P>
  </Block>
  <Block BlockType="SubSystem" Name="Controller 1" SID="334">
    <P Name="Ports">[2, 3]</P>
    <P Name="Position">[-4865, 933, -4750, 1047]</P>
    <P Name="ZOrder">15753</P>
    <P Name="RequestExecContextInheritance">off</P>
    <P Name="ContentPreviewEnabled">on</P>
    <System Ref="system_334"/>
  </Block>
  <Block BlockType="SubSystem" Name="Controller 2" SID="229">
    <P Name="Ports">[2, 3]</P>
    <P Name="Position">[-4865, 1442, -4750, 1538]</P>
    <P Name="ZOrder">15735</P>
    <P Name="RequestExecContextInheritance">off</P>
    <P Name="ContentPreviewEnabled">on</P>
    <System Ref="system_229"/>
  </Block>
  <Block BlockType="SubSystem" Name="MATLAB Function1" SID="298">
    <P Name="Ports">[4, 1]</P>
    <P Name="Position">[-4420, 838, -4275, 897]</P>
    <P Name="ZOrder">15749</P>
    <P Name="ErrorFcn">Stateflow.Translate.translate</P>
    <P Name="PermitHierarchicalResolution">ExplicitOnly</P>
    <P Name="TreatAsAtomicUnit">on</P>
    <P Name="RequestExecContextInheritance">off</P>
    <P Name="SFBlockType">MATLAB Function</P>
    <P Name="ContentPreviewEnabled">on</P>
    <System Ref="system_298"/>
  </Block>
  <Block BlockType="SubSystem" Name="MATLAB Function2" SID="299">
    <P Name="Ports">[1, 1]</P>
    <P Name="Position">[-5160, 933, -5000, 997]</P>
    <P Name="ZOrder">15745</P>
    <P Name="ErrorFcn">Stateflow.Translate.translate</P>
    <P Name="PermitHierarchicalResolution">ExplicitOnly</P>
    <P Name="TreatAsAtomicUnit">on</P>
    <P Name="RequestExecContextInheritance">off</P>
    <P Name="SFBlockType">MATLAB Function</P>
    <P Name="ContentPreviewEnabled">on</P>
    <System Ref="system_299"/>
  </Block>
  <Block BlockType="SubSystem" Name="MATLAB Function3" SID="164">
    <P Name="Ports">[6, 3]</P>
    <P Name="Position">[-4475, 1309, -4310, 1396]</P>
    <P Name="ZOrder">3914</P>
    <P Name="ErrorFcn">Stateflow.Translate.translate</P>
    <P Name="PermitHierarchicalResolution">ExplicitOnly</P>
    <P Name="TreatAsAtomicUnit">on</P>
    <P Name="RequestExecContextInheritance">off</P>
    <P Name="SFBlockType">MATLAB Function</P>
    <P Name="ContentPreviewEnabled">on</P>
    <System Ref="system_164"/>
  </Block>
  <Block BlockType="SubSystem" Name="MATLAB Function4" SID="76">
    <P Name="Ports">[1, 1]</P>
    <P Name="Position">[-5160, 1432, -5000, 1508]</P>
    <P Name="ZOrder">360</P>
    <P Name="ErrorFcn">Stateflow.Translate.translate</P>
    <P Name="PermitHierarchicalResolution">ExplicitOnly</P>
    <P Name="TreatAsAtomicUnit">on</P>
    <P Name="RequestExecContextInheritance">off</P>
    <P Name="SFBlockType">MATLAB Function</P>
    <P Name="ContentPreviewEnabled">on</P>
    <System Ref="system_76"/>
  </Block>
  <Block BlockType="SubSystem" Name="MATLAB Function5" SID="327">
    <P Name="Ports">[1, 1]</P>
    <P Name="Position">[-3745, 1067, -3650, 1103]</P>
    <P Name="ZOrder">15761</P>
    <P Name="ErrorFcn">Stateflow.Translate.translate</P>
    <P Name="PermitHierarchicalResolution">ExplicitOnly</P>
    <P Name="TreatAsAtomicUnit">on</P>
    <P Name="RequestExecContextInheritance">off</P>
    <P Name="SFBlockType">MATLAB Function</P>
    <P Name="ContentPreviewEnabled">on</P>
    <System Ref="system_327"/>
  </Block>
  <Block BlockType="SubSystem" Name="MATLAB Function6" SID="393">
    <P Name="Ports">[1, 1]</P>
    <P Name="Position">[-3695, 1577, -3600, 1613]</P>
    <P Name="ZOrder">15763</P>
    <P Name="ErrorFcn">Stateflow.Translate.translate</P>
    <P Name="PermitHierarchicalResolution">ExplicitOnly</P>
    <P Name="TreatAsAtomicUnit">on</P>
    <P Name="RequestExecContextInheritance">off</P>
    <P Name="SFBlockType">MATLAB Function</P>
    <P Name="ContentPreviewEnabled">on</P>
    <System Ref="system_393"/>
  </Block>
  <Block BlockType="SubSystem" Name="Model 1" SID="301">
    <P Name="Ports">[5, 5]</P>
    <P Name="Position">[-4180, 855, -3970, 1045]</P>
    <P Name="ZOrder">15752</P>
    <P Name="RequestExecContextInheritance">off</P>
    <P Name="ContentPreviewEnabled">on</P>
    <System Ref="system_301"/>
  </Block>
  <Block BlockType="SubSystem" Name="Model 2" SID="214">
    <P Name="Ports">[4, 4]</P>
    <P Name="Position">[-4050, 1381, -3880, 1509]</P>
    <P Name="ZOrder">15734</P>
    <P Name="RequestExecContextInheritance">off</P>
    <P Name="ContentPreviewEnabled">on</P>
    <System Ref="system_214"/>
  </Block>
  <Block BlockType="Mux" Name="Mux" SID="8">
    <P Name="Ports">[7, 1]</P>
    <P Name="Position">[-3495, 1553, -3490, 1667]</P>
    <P Name="ZOrder">682</P>
    <P Name="Inputs">7</P>
    <P Name="DisplayOption">bar</P>
  </Block>
  <Block BlockType="Mux" Name="Mux1" SID="300">
    <P Name="Ports">[6, 1]</P>
    <P Name="Position">[-3580, 1038, -3575, 1152]</P>
    <P Name="ZOrder">15747</P>
    <P Name="Inputs">6</P>
    <P Name="DisplayOption">bar</P>
  </Block>
  <Block BlockType="Scope" Name="Scope" SID="358">
    <P Name="Ports">[1]</P>
    <P Name="Position">[-4280, 1264, -4250, 1296]</P>
    <P Name="ZOrder">15757</P>
    <P Name="ScopeSpecificationString">Simulink.scopes.TimeScopeBlockCfg(&apos;CurrentConfiguration&apos;, extmgr.ConfigurationSet(extmgr.Configuration(&apos;Core&apos;,&apos;General UI&apos;,true),extmgr.Configuration(&apos;Core&apos;,&apos;Source UI&apos;,true),extmgr.Configuration(&apos;Sources&apos;,&apos;WiredSimulink&apos;,true,&apos;DataLoggingVariableName&apos;,&apos;ScopeData1&apos;),extmgr.Configuration(&apos;Visuals&apos;,&apos;Time Domain&apos;,true,&apos;SerializedDisplays&apos;,{struct(&apos;MinYLimReal&apos;,&apos;-4.1906&apos;,&apos;MaxYLimReal&apos;,&apos;37.71536&apos;,&apos;YLabelReal&apos;,&apos;&apos;,&apos;MinYLimMag&apos;,&apos;0.00000&apos;,&apos;MaxYLimMag&apos;,&apos;37.71536&apos;,&apos;LegendVisibility&apos;,&apos;off&apos;,&apos;XGrid&apos;,true,&apos;YGrid&apos;,true,&apos;PlotMagPhase&apos;,false,&apos;AxesColor&apos;,[0 0 0],&apos;AxesTickColor&apos;,[0.686274509803922 0.686274509803922 0.686274509803922],&apos;ColorOrder&apos;,[1 1 0.0666666666666667;0.0745098039215686 0.623529411764706 1;1 0.411764705882353 0.16078431372549;0.392156862745098 0.831372549019608 0.0745098039215686;0.717647058823529 0.274509803921569 1;0.0588235294117647 1 1;1 0.0745098039215686 0.650980392156863],&apos;Title&apos;,&apos;%&lt;SignalLabel&gt;&apos;,&apos;LinePropertiesCache&apos;,{{}},&apos;UserDefinedChannelNames&apos;,{{}},&apos;NumLines&apos;,1,&apos;LineNames&apos;,{{&apos;Model 1/wc&apos;}},&apos;ShowContent&apos;,true,&apos;Placement&apos;,1)},&apos;DisplayPropertyDefaults&apos;,struct(&apos;MinYLimReal&apos;,&apos;-4.1906&apos;,&apos;MaxYLimReal&apos;,&apos;37.71536&apos;,&apos;YLabelReal&apos;,&apos;&apos;,&apos;MinYLimMag&apos;,&apos;0.00000&apos;,&apos;MaxYLimMag&apos;,&apos;37.71536&apos;,&apos;LegendVisibility&apos;,&apos;off&apos;,&apos;XGrid&apos;,true,&apos;YGrid&apos;,true,&apos;PlotMagPhase&apos;,false,&apos;AxesColor&apos;,[0 0 0],&apos;AxesTickColor&apos;,[0.686274509803922 0.686274509803922 0.686274509803922],&apos;ColorOrder&apos;,[0.0745098039215686 0.623529411764706 1;1 0.411764705882353 0.16078431372549;1 1 0.0666666666666667;0.717647058823529 0.274509803921569 1;0.392156862745098 0.831372549019608 0.0745098039215686;0.0588235294117647 1 1;1 0.0745098039215686 0.650980392156863])),extmgr.Configuration(&apos;Tools&apos;,&apos;Plot Navigation&apos;,true),extmgr.Configuration(&apos;Tools&apos;,&apos;Measurements&apos;,true,&apos;Version&apos;,&apos;2020a&apos;)),&apos;Version&apos;,&apos;2020a&apos;)</P>
    <P Name="NumInputPorts">1</P>
    <P Name="Floating">off</P>
  </Block>
  <Block BlockType="Scope" Name="Scope1" SID="359">
    <P Name="Ports">[1]</P>
    <P Name="Position">[-4145, 1339, -4115, 1371]</P>
    <P Name="ZOrder">15758</P>
    <P Name="ScopeSpecificationString">Simulink.scopes.TimeScopeBlockCfg(&apos;CurrentConfiguration&apos;, extmgr.ConfigurationSet(extmgr.Configuration(&apos;Core&apos;,&apos;General UI&apos;,true),extmgr.Configuration(&apos;Core&apos;,&apos;Source UI&apos;,true),extmgr.Configuration(&apos;Sources&apos;,&apos;WiredSimulink&apos;,true,&apos;DataLoggingVariableName&apos;,&apos;ScopeData2&apos;),extmgr.Configuration(&apos;Visuals&apos;,&apos;Time Domain&apos;,true,&apos;SerializedDisplays&apos;,{struct(&apos;MinYLimReal&apos;,&apos;-3.55286&apos;,&apos;MaxYLimReal&apos;,&apos;66.60316&apos;,&apos;YLabelReal&apos;,&apos;&apos;,&apos;MinYLimMag&apos;,&apos;0.00000&apos;,&apos;MaxYLimMag&apos;,&apos;66.60316&apos;,&apos;LegendVisibility&apos;,&apos;On&apos;,&apos;XGrid&apos;,true,&apos;YGrid&apos;,true,&apos;PlotMagPhase&apos;,false,&apos;AxesColor&apos;,[0 0 0],&apos;AxesTickColor&apos;,[0.686274509803922 0.686274509803922 0.686274509803922],&apos;ColorOrder&apos;,[1 1 0.0666666666666667;0.0745098039215686 0.623529411764706 1;1 0.411764705882353 0.16078431372549;0.392156862745098 0.831372549019608 0.0745098039215686;0.717647058823529 0.274509803921569 1;0.0588235294117647 1 1;1 0.0745098039215686 0.650980392156863],&apos;Title&apos;,&apos;%&lt;SignalLabel&gt;&apos;,&apos;LinePropertiesCache&apos;,{{}},&apos;UserDefinedChannelNames&apos;,{{}},&apos;NumLines&apos;,3,&apos;LineNames&apos;,{{&apos;MATLAB Function3/wind_from_up:1&apos;,&apos;MATLAB Function3/wind_from_up:2&apos;,&apos;MATLAB Function3/wind_from_up:3&apos;}},&apos;ShowContent&apos;,true,&apos;Placement&apos;,1)},&apos;DisplayPropertyDefaults&apos;,struct(&apos;MinYLimReal&apos;,&apos;-3.55286&apos;,&apos;MaxYLimReal&apos;,&apos;66.60316&apos;,&apos;YLabelReal&apos;,&apos;&apos;,&apos;MinYLimMag&apos;,&apos;0.00000&apos;,&apos;MaxYLimMag&apos;,&apos;66.60316&apos;,&apos;LegendVisibility&apos;,&apos;On&apos;,&apos;XGrid&apos;,true,&apos;YGrid&apos;,true,&apos;PlotMagPhase&apos;,false,&apos;AxesColor&apos;,[0 0 0],&apos;AxesTickColor&apos;,[0.686274509803922 0.686274509803922 0.686274509803922],&apos;ColorOrder&apos;,[0.0745098039215686 0.623529411764706 1;1 0.411764705882353 0.16078431372549;1 1 0.0666666666666667;0.717647058823529 0.274509803921569 1;0.392156862745098 0.831372549019608 0.0745098039215686;0.0588235294117647 1 1;1 0.0745098039215686 0.650980392156863])),extmgr.Configuration(&apos;Tools&apos;,&apos;Plot Navigation&apos;,true,&apos;OnceAtStop&apos;,false,&apos;PreviousZoomMode&apos;,&apos;ZoomOut&apos;),extmgr.Configuration(&apos;Tools&apos;,&apos;Measurements&apos;,true,&apos;Version&apos;,&apos;2020a&apos;)),&apos;Version&apos;,&apos;2020a&apos;,&apos;Position&apos;,[2791.4 -168.6 560 700])</P>
    <P Name="NumInputPorts">1</P>
    <P Name="Floating">off</P>
  </Block>
  <Block BlockType="Scope" Name="Scope2" SID="362">
    <P Name="Ports">[1]</P>
    <P Name="Position">[-4265, 1364, -4235, 1396]</P>
    <P Name="ZOrder">15760</P>
    <P Name="ScopeSpecificationString">Simulink.scopes.TimeScopeBlockCfg(&apos;CurrentConfiguration&apos;, extmgr.ConfigurationSet(extmgr.Configuration(&apos;Core&apos;,&apos;General UI&apos;,true),extmgr.Configuration(&apos;Core&apos;,&apos;Source UI&apos;,true),extmgr.Configuration(&apos;Sources&apos;,&apos;WiredSimulink&apos;,true,&apos;DataLoggingVariableName&apos;,&apos;ScopeData3&apos;),extmgr.Configuration(&apos;Visuals&apos;,&apos;Time Domain&apos;,true,&apos;SerializedDisplays&apos;,{struct(&apos;MinYLimReal&apos;,&apos;24.776&apos;,&apos;MaxYLimReal&apos;,&apos;26.34861&apos;,&apos;YLabelReal&apos;,&apos;&apos;,&apos;MinYLimMag&apos;,&apos;24.776&apos;,&apos;MaxYLimMag&apos;,&apos;26.34861&apos;,&apos;LegendVisibility&apos;,&apos;off&apos;,&apos;XGrid&apos;,true,&apos;YGrid&apos;,true,&apos;PlotMagPhase&apos;,false,&apos;AxesColor&apos;,[0 0 0],&apos;AxesTickColor&apos;,[0.686274509803922 0.686274509803922 0.686274509803922],&apos;ColorOrder&apos;,[1 1 0.0666666666666667;0.0745098039215686 0.623529411764706 1;1 0.411764705882353 0.16078431372549;0.392156862745098 0.831372549019608 0.0745098039215686;0.717647058823529 0.274509803921569 1;0.0588235294117647 1 1;1 0.0745098039215686 0.650980392156863],&apos;Title&apos;,&apos;%&lt;SignalLabel&gt;&apos;,&apos;LinePropertiesCache&apos;,{{}},&apos;UserDefinedChannelNames&apos;,{{}},&apos;NumLines&apos;,1,&apos;LineNames&apos;,{{&apos;MATLAB Function3/produced_downwash&apos;}},&apos;ShowContent&apos;,true,&apos;Placement&apos;,1)},&apos;DisplayPropertyDefaults&apos;,struct(&apos;MinYLimReal&apos;,&apos;24.776&apos;,&apos;MaxYLimReal&apos;,&apos;26.34861&apos;,&apos;YLabelReal&apos;,&apos;&apos;,&apos;MinYLimMag&apos;,&apos;24.776&apos;,&apos;MaxYLimMag&apos;,&apos;26.34861&apos;,&apos;LegendVisibility&apos;,&apos;off&apos;,&apos;XGrid&apos;,true,&apos;YGrid&apos;,true,&apos;PlotMagPhase&apos;,false,&apos;AxesColor&apos;,[0 0 0],&apos;AxesTickColor&apos;,[0.686274509803922 0.686274509803922 0.686274509803922],&apos;ColorOrder&apos;,[0.0745098039215686 0.623529411764706 1;1 0.411764705882353 0.16078431372549;1 1 0.0666666666666667;0.717647058823529 0.274509803921569 1;0.392156862745098 0.831372549019608 0.0745098039215686;0.0588235294117647 1 1;1 0.0745098039215686 0.650980392156863])),extmgr.Configuration(&apos;Tools&apos;,&apos;Plot Navigation&apos;,true,&apos;OnceAtStop&apos;,false),extmgr.Configuration(&apos;Tools&apos;,&apos;Measurements&apos;,true,&apos;Version&apos;,&apos;2020a&apos;)),&apos;Version&apos;,&apos;2020a&apos;,&apos;Position&apos;,[3140.2 -83.8 560 420])</P>
    <P Name="NumInputPorts">1</P>
    <P Name="Floating">off</P>
  </Block>
  <Block BlockType="ToWorkspace" Name="To Workspace" SID="7">
    <P Name="Ports">[1]</P>
    <P Name="Position">[-3430, 1595, -3340, 1625]</P>
    <P Name="ZOrder">681</P>
    <P Name="VariableName">simout</P>
    <P Name="MaxDataPoints">inf</P>
    <P Name="SaveFormat">Timeseries</P>
    <P Name="FixptAsFi">on</P>
    <P Name="SampleTime">-1</P>
  </Block>
  <Block BlockType="ToWorkspace" Name="To Workspace1" SID="350">
    <P Name="Ports">[1]</P>
    <P Name="Position">[-3515, 1080, -3425, 1110]</P>
    <P Name="ZOrder">15746</P>
    <P Name="VariableName">simout1</P>
    <P Name="MaxDataPoints">inf</P>
    <P Name="SaveFormat">Timeseries</P>
    <P Name="FixptAsFi">on</P>
    <P Name="SampleTime">-1</P>
  </Block>
  <Line>
    <P Name="ZOrder">7</P>
    <P Name="Src">8#out:1</P>
    <P Name="Dst">7#in:1</P>
  </Line>
  <Line>
    <P Name="ZOrder">514</P>
    <P Name="Src">76#out:1</P>
    <P Name="Points">[27, 0]</P>
    <Branch>
      <P Name="ZOrder">1986</P>
      <P Name="Points">[0, -40; 878, 0]</P>
      <Branch>
        <P Name="ZOrder">2028</P>
        <P Name="Dst">214#in:2</P>
      </Branch>
      <Branch>
        <P Name="ZOrder">2001</P>
        <P Name="Points">[0, 102; 579, 0; 0, 78]</P>
        <P Name="Dst">8#in:4</P>
      </Branch>
    </Branch>
    <Branch>
      <P Name="ZOrder">1456</P>
      <P Name="Dst">229#in:1</P>
    </Branch>
  </Line>
  <Line>
    <P Name="ZOrder">740</P>
    <P Name="Src">159#out:1</P>
    <P Name="Dst">76#in:1</P>
  </Line>
  <Line>
    <P Name="ZOrder">1977</P>
    <P Name="Src">214#out:2</P>
    <P Name="Points">[121, 0; 0, 131]</P>
    <Branch>
      <P Name="ZOrder">2063</P>
      <P Name="Points">[-753, 0; 0, -186]</P>
      <P Name="Dst">164#in:5</P>
    </Branch>
    <Branch>
      <P Name="ZOrder">2026</P>
      <P Name="Points">[0, 4]</P>
      <P Name="Dst">8#in:1</P>
    </Branch>
  </Line>
  <Line>
    <P Name="ZOrder">1976</P>
    <P Name="Src">214#out:1</P>
    <P Name="Points">[144, 0; 0, 108]</P>
    <Branch>
      <P Name="ZOrder">2058</P>
      <P Name="Points">[0, 70; -789, 0; 0, -218]</P>
      <P Name="Dst">164#in:4</P>
    </Branch>
    <Branch>
      <P Name="ZOrder">2025</P>
      <P Name="Points">[183, 0; 0, 72]</P>
      <P Name="Dst">8#in:2</P>
    </Branch>
  </Line>
  <Line>
    <P Name="ZOrder">1441</P>
    <P Name="Src">214#out:3</P>
    <P Name="Points">[98, 0; 0, 83]</P>
    <Branch>
      <P Name="ZOrder">2062</P>
      <P Name="Points">[-721, 0; 0, -153]</P>
      <P Name="Dst">164#in:6</P>
    </Branch>
    <Branch>
      <P Name="ZOrder">2011</P>
      <P Name="Points">[0, 52]</P>
      <P Name="Dst">393#in:1</P>
    </Branch>
  </Line>
  <Line>
    <P Name="ZOrder">1460</P>
    <P Name="Src">229#out:2</P>
    <P Name="Points">[214, 0]</P>
    <Branch>
      <P Name="ZOrder">2009</P>
      <P Name="Points">[0, -145]</P>
      <P Name="Dst">164#in:3</P>
    </Branch>
    <Branch>
      <P Name="ZOrder">2004</P>
      <P Name="Points">[412, 0]</P>
      <Branch>
        <P Name="ZOrder">2015</P>
        <P Name="Dst">214#in:4</P>
      </Branch>
      <Branch>
        <P Name="ZOrder">2010</P>
        <P Name="Points">[0, 150]</P>
        <P Name="Dst">8#in:6</P>
      </Branch>
    </Branch>
  </Line>
  <Line>
    <P Name="ZOrder">1459</P>
    <P Name="Src">229#out:1</P>
    <P Name="Dst">214#in:3</P>
  </Line>
  <Line>
    <P Name="ZOrder">1461</P>
    <P Name="Src">229#out:3</P>
    <P Name="Points">[110, 0; 0, 153; 1118, 0; 0, -48]</P>
    <P Name="Dst">8#in:5</P>
  </Line>
  <Line>
    <P Name="ZOrder">1512</P>
    <P Name="Src">334#out:1</P>
    <P Name="Dst">301#in:3</P>
  </Line>
  <Line>
    <P Name="ZOrder">1520</P>
    <P Name="Src">301#out:1</P>
    <P Name="Points">[340, 0; 0, 195]</P>
    <P Name="Dst">300#in:2</P>
  </Line>
  <Line>
    <P Name="ZOrder">1525</P>
    <P Name="Src">334#out:2</P>
    <P Name="Points">[103, 0]</P>
    <Branch>
      <P Name="ZOrder">1947</P>
      <P Name="Points">[97, 0]</P>
      <Branch>
        <P Name="ZOrder">1944</P>
        <P Name="Points">[0, -130]</P>
        <P Name="Dst">298#in:2</P>
      </Branch>
      <Branch>
        <P Name="ZOrder">1936</P>
        <P Name="Dst">301#in:4</P>
      </Branch>
    </Branch>
    <Branch>
      <P Name="ZOrder">1938</P>
      <P Name="Points">[0, 155]</P>
      <P Name="Dst">300#in:6</P>
    </Branch>
  </Line>
  <Line>
    <P Name="ZOrder">1535</P>
    <P Name="Src">301#out:2</P>
    <P Name="Points">[33, 0; 0, 135]</P>
    <Branch>
      <P Name="ZOrder">2048</P>
      <P Name="Points">[0, 65; -546, 0; 0, -235]</P>
      <P Name="Dst">298#in:3</P>
    </Branch>
    <Branch>
      <P Name="ZOrder">1962</P>
      <P Name="Dst">300#in:1</P>
    </Branch>
  </Line>
  <Line>
    <P Name="ZOrder">1536</P>
    <P Name="Src">298#out:1</P>
    <P Name="Dst">301#in:1</P>
  </Line>
  <Line>
    <P Name="ZOrder">1539</P>
    <P Name="Src">301#out:3</P>
    <P Name="Points">[23, 0; 0, 135]</P>
    <Branch>
      <P Name="ZOrder">2049</P>
      <P Name="Points">[0, 18; -521, 0; 0, -213]</P>
      <P Name="Dst">298#in:4</P>
    </Branch>
    <Branch>
      <P Name="ZOrder">1955</P>
      <P Name="Dst">327#in:1</P>
    </Branch>
  </Line>
  <Line>
    <P Name="ZOrder">1540</P>
    <P Name="Src">334#out:3</P>
    <P Name="Points">[517, 0; 0, -187; 623, 0; 0, 282]</P>
    <P Name="Dst">300#in:5</P>
  </Line>
  <Line>
    <P Name="ZOrder">1545</P>
    <P Name="Src">295#out:1</P>
    <P Name="Dst">299#in:1</P>
  </Line>
  <Line>
    <P Name="ZOrder">1547</P>
    <P Name="Src">300#out:1</P>
    <P Name="Dst">350#in:1</P>
  </Line>
  <Line>
    <P Name="ZOrder">1554</P>
    <P Name="Src">299#out:1</P>
    <P Name="Points">[49, 0]</P>
    <Branch>
      <P Name="ZOrder">1961</P>
      <P Name="Points">[0, -55; 431, 0]</P>
      <Branch>
        <P Name="ZOrder">1963</P>
        <P Name="Points">[0, 211; 919, 0; 0, -16]</P>
        <P Name="Dst">300#in:4</P>
      </Branch>
      <Branch>
        <P Name="ZOrder">1946</P>
        <P Name="Dst">301#in:2</P>
      </Branch>
    </Branch>
    <Branch>
      <P Name="ZOrder">1926</P>
      <P Name="Dst">334#in:1</P>
    </Branch>
  </Line>
  <Line>
    <P Name="ZOrder">1615</P>
    <P Name="Src">164#out:1</P>
    <P Name="Points">[3, 0; 0, 75]</P>
    <P Name="Dst">214#in:1</P>
  </Line>
  <Line>
    <P Name="ZOrder">1720</P>
    <P Name="Src">301#out:4</P>
    <P Name="Points">[4, 0; 0, 224; -538, 0; 0, 66]</P>
    <Branch>
      <P Name="ZOrder">2030</P>
      <P Name="Dst">358#in:1</P>
    </Branch>
    <Branch>
      <P Name="ZOrder">1814</P>
      <P Name="Points">[0, 35]</P>
      <P Name="Dst">164#in:1</P>
    </Branch>
  </Line>
  <Line>
    <P Name="ZOrder">1631</P>
    <P Name="Src">296#out:1</P>
    <P Name="Dst">298#in:1</P>
  </Line>
  <Line>
    <P Name="ZOrder">2123</P>
    <P Name="Src">402#out:1</P>
    <P Name="Dst">164#in:2</P>
  </Line>
  <Line>
    <P Name="ZOrder">1723</P>
    <P Name="Src">164#out:2</P>
    <P Name="Points">[138, 0]</P>
    <Branch>
      <P Name="ZOrder">2116</P>
      <P Name="Dst">359#in:1</P>
    </Branch>
    <Branch>
      <P Name="ZOrder">1989</P>
      <P Name="Points">[0, 300]</P>
      <P Name="Dst">8#in:7</P>
    </Branch>
  </Line>
  <Line>
    <P Name="ZOrder">1725</P>
    <P Name="Src">164#out:3</P>
    <P Name="Points">[12, 0; 0, -5]</P>
    <P Name="Dst">362#in:1</P>
  </Line>
  <Line>
    <P Name="ZOrder">1952</P>
    <P Name="Src">301#out:5</P>
    <P Name="Points">[14, 0; 0, 56; -938, 0; 0, -66]</P>
    <P Name="Dst">334#in:2</P>
  </Line>
  <Line>
    <P Name="ZOrder">1953</P>
    <P Name="Src">327#out:1</P>
    <P Name="Dst">300#in:3</P>
  </Line>
  <Line>
    <P Name="ZOrder">1975</P>
    <P Name="Src">214#out:4</P>
    <P Name="Points">[19, 0; 0, 117; -1033, 0; 0, -92]</P>
    <P Name="Dst">229#in:2</P>
  </Line>
  <Line>
    <P Name="ZOrder">1979</P>
    <P Name="Src">393#out:1</P>
    <P Name="Dst">8#in:3</P>
  </Line>
</System>
