<?xml version="1.0" encoding="utf-8"?>
<System>
  <P Name="Location">[1913, 118, 3847, 1172]</P>
  <P Name="Open">on</P>
  <P Name="SetExecutionDomain">off</P>
  <P Name="ExecutionDomainType">Deduce</P>
  <P Name="ZoomFactor">75</P>
  <P Name="SimulinkSubDomain">Simulink</P>
  <Block BlockType="Inport" Name="Vw" SID="302">
    <P Name="Position">[185, -82, 215, -68]</P>
    <P Name="ZOrder">15734</P>
  </Block>
  <Block BlockType="Inport" Name="p_ref" SID="308">
    <P Name="Position">[1265, 68, 1295, 82]</P>
    <P Name="ZOrder">15740</P>
    <P Name="Port">2</P>
  </Block>
  <Block BlockType="Inport" Name="m" SID="305">
    <P Name="Position">[220, -62, 250, -48]</P>
    <P Name="ZOrder">15737</P>
    <P Name="Port">3</P>
  </Block>
  <Block BlockType="Inport" Name="u" SID="309">
    <P Name="Position">[220, -102, 250, -88]</P>
    <P Name="ZOrder">15741</P>
    <P Name="Port">4</P>
  </Block>
  <Block BlockType="Inport" Name="vi_2" SID="363">
    <P Name="Position">[220, -22, 250, -8]</P>
    <P Name="ZOrder">15760</P>
    <P Name="Port">5</P>
  </Block>
  <Block BlockType="BusCreator" Name="Bus&#xA;Creator" SID="395">
    <P Name="Ports">[4, 1]</P>
    <P Name="Position">[1370, -319, 1375, -201]</P>
    <P Name="ZOrder">15764</P>
    <P Name="ShowName">off</P>
    <P Name="Inputs">4</P>
    <P Name="DisplayOption">bar</P>
    <P Name="InheritFromInputs">on</P>
  </Block>
  <Block BlockType="Clock" Name="Clock1" SID="364">
    <P Name="Position">[190, -45, 210, -25]</P>
    <P Name="ZOrder">15761</P>
    <P Name="Decimation">50</P>
  </Block>
  <Block BlockType="SubSystem" Name="Displayer" SID="311">
    <P Name="Ports">[5]</P>
    <P Name="Position">[1335, 64, 1450, 186]</P>
    <P Name="ZOrder">745</P>
    <P Name="RequestExecContextInheritance">off</P>
    <P Name="ContentPreviewEnabled">on</P>
    <System Ref="system_311"/>
  </Block>
  <Block BlockType="Reference" Name="Filtered Derivative&#xA;(Discrete or Continuous)4" SID="321">
    <P Name="Ports">[1, 1]</P>
    <P Name="Position">[250, -168, 320, -142]</P>
    <P Name="ZOrder">15733</P>
    <P Name="ShowName">off</P>
    <P Name="HideAutomaticName">off</P>
    <P Name="LibraryVersion">1.219</P>
    <P Name="SourceBlock">eeGeneralControl/Filtered Derivative
(Discrete or Continuous)</P>
    <P Name="SourceType">Filtered Derivative (Discrete or Continuous)</P>
    <P Name="SourceProductBaseCode">PS</P>
    <InstanceData>
      <P Name="RTWMemSecFuncInitTerm">Inherit from model</P>
      <P Name="RTWMemSecFuncExecute">Inherit from model</P>
      <P Name="RTWMemSecDataConstants">Inherit from model</P>
      <P Name="RTWMemSecDataInternal">Inherit from model</P>
      <P Name="RTWMemSecDataParameters">Inherit from model</P>
      <P Name="ContentPreviewEnabled">on</P>
      <P Name="K">1</P>
      <P Name="T">0.01</P>
      <P Name="B">inf</P>
      <P Name="A">-inf</P>
      <P Name="minRatio">10</P>
      <P Name="init_option">Inherited from block input</P>
      <P Name="x0">0</P>
      <P Name="Ts">-1</P>
    </InstanceData>
  </Block>
  <Block BlockType="Integrator" Name="Integrator" SID="322">
    <P Name="Ports">[1, 1]</P>
    <P Name="Position">[815, -200, 845, -170]</P>
    <P Name="ZOrder">12522</P>
    <P Name="InitialCondition">Parameter.p_initial_2</P>
  </Block>
  <Block BlockType="Integrator" Name="Integrator1" SID="323">
    <P Name="Ports">[1, 1]</P>
    <P Name="Position">[815, -120, 845, -90]</P>
    <P Name="ZOrder">12523</P>
    <P Name="InitialCondition">Parameter.v_initial</P>
  </Block>
  <Block BlockType="Integrator" Name="Integrator2" SID="324">
    <P Name="Ports">[1, 1]</P>
    <P Name="Position">[815, -80, 845, -50]</P>
    <P Name="ZOrder">12528</P>
    <P Name="InitialCondition">Parameter.R_initial</P>
  </Block>
  <Block BlockType="Integrator" Name="Integrator3" SID="325">
    <P Name="Ports">[1, 1]</P>
    <P Name="Position">[815, -40, 845, -10]</P>
    <P Name="ZOrder">12541</P>
    <P Name="InitialCondition">Parameter.omega_initial </P>
  </Block>
  <Block BlockType="SubSystem" Name="MATLAB Function" SID="326">
    <P Name="Ports">[10, 5]</P>
    <P Name="Position">[405, -207, 595, -3]</P>
    <P Name="ZOrder">12518</P>
    <P Name="ErrorFcn">Stateflow.Translate.translate</P>
    <P Name="PermitHierarchicalResolution">ExplicitOnly</P>
    <P Name="TreatAsAtomicUnit">on</P>
    <P Name="RequestExecContextInheritance">off</P>
    <P Name="SFBlockType">MATLAB Function</P>
    <P Name="ContentPreviewEnabled">on</P>
    <System Ref="system_326"/>
  </Block>
  <Block BlockType="Outport" Name="p" SID="328">
    <P Name="Position">[1265, -192, 1295, -178]</P>
    <P Name="ZOrder">15743</P>
  </Block>
  <Block BlockType="Outport" Name="v" SID="329">
    <P Name="Position">[1265, -152, 1295, -138]</P>
    <P Name="ZOrder">15744</P>
    <P Name="Port">2</P>
  </Block>
  <Block BlockType="Outport" Name="R" SID="331">
    <P Name="Position">[1265, -112, 1295, -98]</P>
    <P Name="ZOrder">15746</P>
    <P Name="Port">3</P>
  </Block>
  <Block BlockType="Outport" Name="wc" SID="352">
    <P Name="Position">[1265, 8, 1295, 22]</P>
    <P Name="ZOrder">15749</P>
    <P Name="Port">4</P>
  </Block>
  <Block BlockType="Outport" Name="x" SID="365">
    <P Name="Position">[1470, -267, 1500, -253]</P>
    <P Name="ZOrder">15762</P>
    <P Name="Port">5</P>
  </Block>
  <Line>
    <P Name="ZOrder">87</P>
    <P Name="Src">364#out:1</P>
    <P Name="Dst">326#in:9</P>
  </Line>
  <Line>
    <P Name="ZOrder">2</P>
    <P Name="Src">321#out:1</P>
    <P Name="Dst">326#in:3</P>
  </Line>
  <Line>
    <P Name="ZOrder">3</P>
    <P Name="Src">324#out:1</P>
    <P Name="Points">[61, 0; 0, -40]</P>
    <Branch>
      <P Name="ZOrder">50</P>
      <P Name="Points">[301, 0]</P>
      <Branch>
        <P Name="ZOrder">99</P>
        <P Name="Points">[0, -140]</P>
        <P Name="Dst">395#in:3</P>
      </Branch>
      <Branch>
        <P Name="ZOrder">96</P>
        <P Name="Points">[0, 255]</P>
        <P Name="Dst">311#in:4</P>
      </Branch>
      <Branch>
        <P Name="ZOrder">93</P>
        <P Name="Dst">331#in:1</P>
      </Branch>
    </Branch>
    <Branch>
      <P Name="ZOrder">5</P>
      <P Name="Points">[0, -161; -705, 0; 0, 131]</P>
      <P Name="Dst">326#in:4</P>
    </Branch>
  </Line>
  <Line>
    <P Name="ZOrder">8</P>
    <P Name="Src">326#out:3</P>
    <P Name="Dst">323#in:1</P>
  </Line>
  <Line>
    <P Name="ZOrder">9</P>
    <P Name="Src">326#out:5</P>
    <P Name="Dst">325#in:1</P>
  </Line>
  <Line>
    <P Name="ZOrder">10</P>
    <P Name="Src">326#out:1</P>
    <P Name="Dst">322#in:1</P>
  </Line>
  <Line>
    <P Name="ZOrder">11</P>
    <P Name="Src">325#out:1</P>
    <P Name="Points">[93, 0]</P>
    <Branch>
      <P Name="ZOrder">67</P>
      <P Name="Points">[287, 0]</P>
      <Branch>
        <P Name="ZOrder">100</P>
        <P Name="Points">[0, -190]</P>
        <P Name="Dst">395#in:4</P>
      </Branch>
      <Branch>
        <P Name="ZOrder">58</P>
        <P Name="Points">[0, 200]</P>
        <P Name="Dst">311#in:5</P>
      </Branch>
    </Branch>
    <Branch>
      <P Name="ZOrder">59</P>
      <P Name="Points">[0, -258; -755, 0; 0, 168]</P>
      <P Name="Dst">326#in:5</P>
    </Branch>
  </Line>
  <Line>
    <P Name="ZOrder">19</P>
    <P Name="Src">326#out:4</P>
    <P Name="Dst">324#in:1</P>
  </Line>
  <Line>
    <P Name="ZOrder">24</P>
    <P Name="Src">323#out:1</P>
    <P Name="Points">[42, 0; 0, -40]</P>
    <Branch>
      <P Name="ZOrder">68</P>
      <P Name="Points">[301, 0]</P>
      <Branch>
        <P Name="ZOrder">98</P>
        <P Name="Points">[0, -130]</P>
        <P Name="Dst">395#in:2</P>
      </Branch>
      <Branch>
        <P Name="ZOrder">84</P>
        <P Name="Points">[0, 270]</P>
        <P Name="Dst">311#in:3</P>
      </Branch>
      <Branch>
        <P Name="ZOrder">83</P>
        <P Name="Dst">329#in:1</P>
      </Branch>
    </Branch>
    <Branch>
      <P Name="ZOrder">63</P>
      <P Name="Points">[0, -105; -666, 0; 0, 75]</P>
      <Branch>
        <P Name="ZOrder">74</P>
        <P Name="Points">[0, 20]</P>
        <P Name="Dst">321#in:1</P>
      </Branch>
      <Branch>
        <P Name="ZOrder">69</P>
        <P Name="Dst">326#in:2</P>
      </Branch>
    </Branch>
  </Line>
  <Line>
    <P Name="ZOrder">23</P>
    <P Name="Src">309#out:1</P>
    <P Name="Dst">326#in:6</P>
  </Line>
  <Line>
    <P Name="ZOrder">25</P>
    <P Name="Src">308#out:1</P>
    <P Name="Dst">311#in:1</P>
  </Line>
  <Line>
    <P Name="ZOrder">27</P>
    <P Name="Src">322#out:1</P>
    <P Name="Points">[19, 0]</P>
    <Branch>
      <P Name="ZOrder">73</P>
      <P Name="Points">[0, -46; -503, 0; 0, 36]</P>
      <P Name="Dst">326#in:1</P>
    </Branch>
    <Branch>
      <P Name="ZOrder">72</P>
      <P Name="Points">[300, 0]</P>
      <Branch>
        <P Name="ZOrder">97</P>
        <P Name="Points">[0, -120]</P>
        <P Name="Dst">395#in:1</P>
      </Branch>
      <Branch>
        <P Name="ZOrder">89</P>
        <P Name="Dst">328#in:1</P>
      </Branch>
      <Branch>
        <P Name="ZOrder">88</P>
        <P Name="Points">[0, 285]</P>
        <P Name="Dst">311#in:2</P>
      </Branch>
    </Branch>
  </Line>
  <Line>
    <P Name="ZOrder">29</P>
    <P Name="Src">305#out:1</P>
    <P Name="Dst">326#in:8</P>
  </Line>
  <Line>
    <P Name="ZOrder">31</P>
    <P Name="Src">302#out:1</P>
    <P Name="Dst">326#in:7</P>
  </Line>
  <Line>
    <P Name="ZOrder">33</P>
    <P Name="Src">326#out:2</P>
    <P Name="Points">[105, 0; 0, 160]</P>
    <P Name="Dst">352#in:1</P>
  </Line>
  <Line>
    <P Name="ZOrder">36</P>
    <P Name="Src">363#out:1</P>
    <P Name="Dst">326#in:10</P>
  </Line>
  <Line>
    <P Name="ZOrder">101</P>
    <P Name="Src">395#out:1</P>
    <P Name="Dst">365#in:1</P>
  </Line>
</System>
