<?xml version="1.0" encoding="utf-8"?>
<System>
  <P Name="Location">[223, 338, 826, 833]</P>
  <P Name="SetExecutionDomain">off</P>
  <P Name="ExecutionDomainType">Deduce</P>
  <P Name="SIDHighWatermark">38</P>
  <P Name="SimulinkSubDomain">Simulink</P>
  <Block BlockType="Inport" Name="wc" SID="164::30">
    <P Name="Position">[20, 101, 40, 119]</P>
    <P Name="ZOrder">17</P>
  </Block>
  <Block BlockType="Inport" Name="Wv" SID="164::1">
    <P Name="Position">[20, 136, 40, 154]</P>
    <P Name="ZOrder">-1</P>
    <P Name="Port">2</P>
  </Block>
  <Block BlockType="Inport" Name="u" SID="164::25">
    <P Name="Position">[20, 171, 40, 189]</P>
    <P Name="ZOrder">16</P>
    <P Name="Port">3</P>
  </Block>
  <Block BlockType="Inport" Name="p" SID="164::33">
    <P Name="Position">[20, 206, 40, 224]</P>
    <P Name="ZOrder">20</P>
    <P Name="Port">4</P>
  </Block>
  <Block BlockType="Inport" Name="v" SID="164::22">
    <P Name="Position">[20, 246, 40, 264]</P>
    <P Name="ZOrder">13</P>
    <P Name="Port">5</P>
  </Block>
  <Block BlockType="Inport" Name="R" SID="164::23">
    <P Name="Position">[20, 281, 40, 299]</P>
    <P Name="ZOrder">14</P>
    <P Name="Port">6</P>
  </Block>
  <Block BlockType="Demux" Name=" Demux " SID="164::37">
    <P Name="Ports">[1, 1]</P>
    <P Name="Position">[270, 245, 320, 285]</P>
    <P Name="ZOrder">23</P>
    <P Name="Outputs">1</P>
  </Block>
  <Block BlockType="S-Function" Name=" SFunction " SID="164::36">
    <P Name="Tag">Stateflow S-Function 4</P>
    <P Name="Ports">[6, 4]</P>
    <P Name="Position">[180, 102, 230, 243]</P>
    <P Name="ZOrder">22</P>
    <P Name="FunctionName">sf_sfun</P>
    <P Name="Parameters">Parameter</P>
    <P Name="PortCounts">[6 4]</P>
    <P Name="SFunctionDeploymentMode">off</P>
    <P Name="EnableBusSupport">on</P>
    <P Name="SFcnIsStateOwnerBlock">off</P>
    <Port>
      <P Name="PortNumber">2</P>
      <P Name="Name">aux</P>
    </Port>
    <Port>
      <P Name="PortNumber">3</P>
      <P Name="Name">wind_from_up</P>
    </Port>
    <Port>
      <P Name="PortNumber">4</P>
      <P Name="Name">produced_downwash</P>
    </Port>
  </Block>
  <Block BlockType="Terminator" Name=" Terminator " SID="164::38">
    <P Name="Position">[460, 256, 480, 274]</P>
    <P Name="ZOrder">24</P>
  </Block>
  <Block BlockType="Outport" Name="aux" SID="164::5">
    <P Name="Position">[460, 101, 480, 119]</P>
    <P Name="ZOrder">-5</P>
  </Block>
  <Block BlockType="Outport" Name="wind_from_up" SID="164::31">
    <P Name="Position">[460, 136, 480, 154]</P>
    <P Name="ZOrder">18</P>
    <P Name="Port">2</P>
  </Block>
  <Block BlockType="Outport" Name="produced_downwash" SID="164::32">
    <P Name="Position">[460, 171, 480, 189]</P>
    <P Name="ZOrder">19</P>
    <P Name="Port">3</P>
  </Block>
  <Line>
    <P Name="ZOrder">321</P>
    <P Name="Src">164::30#out:1</P>
    <P Name="Dst">164::36#in:1</P>
  </Line>
  <Line>
    <P Name="ZOrder">322</P>
    <P Name="Src">164::1#out:1</P>
    <P Name="Dst">164::36#in:2</P>
  </Line>
  <Line>
    <P Name="ZOrder">323</P>
    <P Name="Src">164::25#out:1</P>
    <P Name="Dst">164::36#in:3</P>
  </Line>
  <Line>
    <P Name="ZOrder">324</P>
    <P Name="Src">164::33#out:1</P>
    <P Name="Dst">164::36#in:4</P>
  </Line>
  <Line>
    <P Name="ZOrder">325</P>
    <P Name="Src">164::22#out:1</P>
    <P Name="Dst">164::36#in:5</P>
  </Line>
  <Line>
    <P Name="ZOrder">326</P>
    <P Name="Src">164::23#out:1</P>
    <P Name="Dst">164::36#in:6</P>
  </Line>
  <Line>
    <P Name="Name">aux</P>
    <P Name="ZOrder">327</P>
    <P Name="Labels">[0, 0]</P>
    <P Name="Src">164::36#out:2</P>
    <P Name="Dst">164::5#in:1</P>
  </Line>
  <Line>
    <P Name="Name">wind_from_up</P>
    <P Name="ZOrder">328</P>
    <P Name="Labels">[0, 0]</P>
    <P Name="Src">164::36#out:3</P>
    <P Name="Dst">164::31#in:1</P>
  </Line>
  <Line>
    <P Name="Name">produced_downwash</P>
    <P Name="ZOrder">329</P>
    <P Name="Labels">[0, 0]</P>
    <P Name="Src">164::36#out:4</P>
    <P Name="Dst">164::32#in:1</P>
  </Line>
  <Line>
    <P Name="ZOrder">330</P>
    <P Name="Src">164::37#out:1</P>
    <P Name="Dst">164::38#in:1</P>
  </Line>
  <Line>
    <P Name="ZOrder">331</P>
    <P Name="Src">164::36#out:1</P>
    <P Name="Dst">164::37#in:1</P>
  </Line>
</System>
