<?xml version="1.0" encoding="utf-8"?>
<System>
  <P Name="Location">[223, 338, 826, 833]</P>
  <P Name="SetExecutionDomain">off</P>
  <P Name="ExecutionDomainType">Deduce</P>
  <P Name="SIDHighWatermark">32</P>
  <P Name="SimulinkSubDomain">Simulink</P>
  <Block BlockType="Inport" Name="Wv" SID="298::1">
    <P Name="Position">[20, 101, 40, 119]</P>
    <P Name="ZOrder">-1</P>
  </Block>
  <Block BlockType="Inport" Name="u" SID="298::25">
    <P Name="Position">[20, 136, 40, 154]</P>
    <P Name="ZOrder">16</P>
    <P Name="Port">2</P>
  </Block>
  <Block BlockType="Inport" Name="v" SID="298::22">
    <P Name="Position">[20, 171, 40, 189]</P>
    <P Name="ZOrder">13</P>
    <P Name="Port">3</P>
  </Block>
  <Block BlockType="Inport" Name="R" SID="298::23">
    <P Name="Position">[20, 206, 40, 224]</P>
    <P Name="ZOrder">14</P>
    <P Name="Port">4</P>
  </Block>
  <Block BlockType="Demux" Name=" Demux " SID="298::31">
    <P Name="Ports">[1, 1]</P>
    <P Name="Position">[270, 230, 320, 270]</P>
    <P Name="ZOrder">18</P>
    <P Name="Outputs">1</P>
  </Block>
  <Block BlockType="S-Function" Name=" SFunction " SID="298::30">
    <P Name="Tag">Stateflow S-Function 6</P>
    <P Name="Ports">[4, 2]</P>
    <P Name="Position">[180, 102, 230, 203]</P>
    <P Name="ZOrder">17</P>
    <P Name="FunctionName">sf_sfun</P>
    <P Name="Parameters">Parameter</P>
    <P Name="PortCounts">[4 2]</P>
    <P Name="SFunctionDeploymentMode">off</P>
    <P Name="EnableBusSupport">on</P>
    <P Name="SFcnIsStateOwnerBlock">off</P>
    <Port>
      <P Name="PortNumber">2</P>
      <P Name="Name">Vw</P>
    </Port>
  </Block>
  <Block BlockType="Terminator" Name=" Terminator " SID="298::32">
    <P Name="Position">[460, 241, 480, 259]</P>
    <P Name="ZOrder">19</P>
  </Block>
  <Block BlockType="Outport" Name="Vw" SID="298::5">
    <P Name="Position">[460, 101, 480, 119]</P>
    <P Name="ZOrder">-5</P>
  </Block>
  <Line>
    <P Name="ZOrder">23</P>
    <P Name="Src">298::1#out:1</P>
    <P Name="Dst">298::30#in:1</P>
  </Line>
  <Line>
    <P Name="ZOrder">24</P>
    <P Name="Src">298::25#out:1</P>
    <P Name="Dst">298::30#in:2</P>
  </Line>
  <Line>
    <P Name="ZOrder">25</P>
    <P Name="Src">298::22#out:1</P>
    <P Name="Dst">298::30#in:3</P>
  </Line>
  <Line>
    <P Name="ZOrder">26</P>
    <P Name="Src">298::23#out:1</P>
    <P Name="Dst">298::30#in:4</P>
  </Line>
  <Line>
    <P Name="Name">Vw</P>
    <P Name="ZOrder">27</P>
    <P Name="Labels">[0, 0]</P>
    <P Name="Src">298::30#out:2</P>
    <P Name="Dst">298::5#in:1</P>
  </Line>
  <Line>
    <P Name="ZOrder">28</P>
    <P Name="Src">298::31#out:1</P>
    <P Name="Dst">298::32#in:1</P>
  </Line>
  <Line>
    <P Name="ZOrder">29</P>
    <P Name="Src">298::30#out:1</P>
    <P Name="Dst">298::31#in:1</P>
  </Line>
</System>
