<?xml version="1.0" encoding="utf-8"?>
<System>
  <P Name="Location">[-7, -7, 1543, 831]</P>
  <P Name="Open">on</P>
  <P Name="SetExecutionDomain">off</P>
  <P Name="ExecutionDomainType">Deduce</P>
  <P Name="SimulinkSubDomain">Simulink</P>
  <Block BlockType="Inport" Name="aux" SID="215">
    <P Name="Position">[665, -302, 695, -288]</P>
    <P Name="ZOrder">15734</P>
  </Block>
  <Block BlockType="Inport" Name="p_ref" SID="221">
    <P Name="Position">[1480, -247, 1510, -233]</P>
    <P Name="ZOrder">15740</P>
    <P Name="Port">2</P>
  </Block>
  <Block BlockType="Inport" Name="m" SID="218">
    <P Name="Position">[620, -272, 650, -258]</P>
    <P Name="ZOrder">15737</P>
    <P Name="Port">3</P>
  </Block>
  <Block BlockType="Inport" Name="u" SID="222">
    <P Name="Position">[620, -317, 650, -303]</P>
    <P Name="ZOrder">15741</P>
    <P Name="Port">4</P>
  </Block>
  <Block BlockType="BusCreator" Name="Bus&#xA;Creator" SID="396">
    <P Name="Ports">[4, 1]</P>
    <P Name="Position">[1530, -479, 1535, -361]</P>
    <P Name="ZOrder">15769</P>
    <P Name="ShowName">off</P>
    <P Name="Inputs">4</P>
    <P Name="DisplayOption">bar</P>
    <P Name="InheritFromInputs">on</P>
  </Block>
  <Block BlockType="Clock" Name="Clock" SID="374">
    <P Name="Position">[730, -275, 750, -255]</P>
    <P Name="ZOrder">15748</P>
    <P Name="Decimation">50</P>
  </Block>
  <Block BlockType="SubSystem" Name="Displayer" SID="131">
    <P Name="Ports">[5]</P>
    <P Name="Position">[1580, -251, 1695, -129]</P>
    <P Name="ZOrder">745</P>
    <P Name="RequestExecContextInheritance">off</P>
    <P Name="ContentPreviewEnabled">on</P>
    <System Ref="system_131"/>
  </Block>
  <Block BlockType="Reference" Name="Filtered Derivative&#xA;(Discrete or Continuous)4" SID="162">
    <P Name="Ports">[1, 1]</P>
    <P Name="Position">[710, -400, 770, -370]</P>
    <P Name="ZOrder">15733</P>
    <P Name="ShowName">off</P>
    <P Name="HideAutomaticName">off</P>
    <P Name="LibraryVersion">1.219</P>
    <P Name="SourceBlock">eeGeneralControl/Filtered Derivative
(Discrete or Continuous)</P>
    <P Name="SourceType">Filtered Derivative (Discrete or Continuous)</P>
    <P Name="SourceProductBaseCode">PS</P>
    <InstanceData>
      <P Name="RTWMemSecFuncInitTerm">Inherit from model</P>
      <P Name="RTWMemSecFuncExecute">Inherit from model</P>
      <P Name="RTWMemSecDataConstants">Inherit from model</P>
      <P Name="RTWMemSecDataInternal">Inherit from model</P>
      <P Name="RTWMemSecDataParameters">Inherit from model</P>
      <P Name="ContentPreviewEnabled">on</P>
      <P Name="K">1</P>
      <P Name="T">0.01</P>
      <P Name="B">inf</P>
      <P Name="A">-inf</P>
      <P Name="minRatio">10</P>
      <P Name="init_option">Inherited from block input</P>
      <P Name="x0">0</P>
      <P Name="Ts">-1</P>
    </InstanceData>
  </Block>
  <Block BlockType="Integrator" Name="Integrator" SID="5">
    <P Name="Ports">[1, 1]</P>
    <P Name="Position">[1070, -390, 1100, -360]</P>
    <P Name="ZOrder">12522</P>
    <P Name="InitialCondition">Parameter.p_initial_1</P>
  </Block>
  <Block BlockType="Integrator" Name="Integrator1" SID="6">
    <P Name="Ports">[1, 1]</P>
    <P Name="Position">[1070, -355, 1100, -325]</P>
    <P Name="ZOrder">12523</P>
    <P Name="InitialCondition">Parameter.v_initial</P>
  </Block>
  <Block BlockType="Integrator" Name="Integrator2" SID="11">
    <P Name="Ports">[1, 1]</P>
    <P Name="Position">[1070, -320, 1100, -290]</P>
    <P Name="ZOrder">12528</P>
    <P Name="InitialCondition">Parameter.R_initial</P>
  </Block>
  <Block BlockType="Integrator" Name="Integrator3" SID="65">
    <P Name="Ports">[1, 1]</P>
    <P Name="Position">[1070, -285, 1100, -255]</P>
    <P Name="ZOrder">12541</P>
    <P Name="InitialCondition">Parameter.omega_initial </P>
  </Block>
  <Block BlockType="SubSystem" Name="MATLAB Function" SID="1">
    <P Name="Ports">[9, 4]</P>
    <P Name="Position">[840, -399, 1020, -251]</P>
    <P Name="ZOrder">12518</P>
    <P Name="ErrorFcn">Stateflow.Translate.translate</P>
    <P Name="PermitHierarchicalResolution">ExplicitOnly</P>
    <P Name="TreatAsAtomicUnit">on</P>
    <P Name="RequestExecContextInheritance">off</P>
    <P Name="SFBlockType">MATLAB Function</P>
    <P Name="ContentPreviewEnabled">on</P>
    <System Ref="system_1"/>
  </Block>
  <Block BlockType="Outport" Name="p" SID="389">
    <P Name="Position">[1425, -382, 1455, -368]</P>
    <P Name="ZOrder">15764</P>
  </Block>
  <Block BlockType="Outport" Name="v" SID="390">
    <P Name="Position">[1425, -347, 1455, -333]</P>
    <P Name="ZOrder">15765</P>
    <P Name="Port">2</P>
  </Block>
  <Block BlockType="Outport" Name="R" SID="227">
    <P Name="Position">[1425, -312, 1455, -298]</P>
    <P Name="ZOrder">15746</P>
    <P Name="Port">3</P>
  </Block>
  <Block BlockType="Outport" Name="x" SID="392">
    <P Name="Position">[1590, -427, 1620, -413]</P>
    <P Name="ZOrder">15767</P>
    <P Name="Port">4</P>
  </Block>
  <Line>
    <P Name="ZOrder">1467</P>
    <P Name="Src">374#out:1</P>
    <P Name="Dst">1#in:9</P>
  </Line>
  <Line>
    <P Name="ZOrder">792</P>
    <P Name="Src">162#out:1</P>
    <P Name="Points">[13, 0; 0, 30]</P>
    <P Name="Dst">1#in:3</P>
  </Line>
  <Line>
    <P Name="ZOrder">5</P>
    <P Name="Src">1#out:2</P>
    <P Name="Dst">6#in:1</P>
  </Line>
  <Line>
    <P Name="ZOrder">162</P>
    <P Name="Src">1#out:4</P>
    <P Name="Dst">65#in:1</P>
  </Line>
  <Line>
    <P Name="ZOrder">4</P>
    <P Name="Src">1#out:1</P>
    <P Name="Dst">5#in:1</P>
  </Line>
  <Line>
    <P Name="ZOrder">38</P>
    <P Name="Src">11#out:1</P>
    <P Name="Points">[52, 0]</P>
    <Branch>
      <P Name="ZOrder">1576</P>
      <P Name="Points">[0, -162; -482, 0; 0, 127]</P>
      <P Name="Dst">1#in:4</P>
    </Branch>
    <Branch>
      <P Name="ZOrder">1571</P>
      <P Name="Points">[215, 0]</P>
      <Branch>
        <P Name="ZOrder">1600</P>
        <P Name="Points">[0, -100]</P>
        <P Name="Dst">396#in:3</P>
      </Branch>
      <Branch>
        <P Name="ZOrder">1575</P>
        <P Name="Points">[0, 140]</P>
        <P Name="Dst">131#in:4</P>
      </Branch>
      <Branch>
        <P Name="ZOrder">1560</P>
        <P Name="Dst">227#in:1</P>
      </Branch>
    </Branch>
  </Line>
  <Line>
    <P Name="ZOrder">37</P>
    <P Name="Src">1#out:3</P>
    <P Name="Dst">11#in:1</P>
  </Line>
  <Line>
    <P Name="ZOrder">1436</P>
    <P Name="Src">222#out:1</P>
    <P Name="Dst">1#in:6</P>
  </Line>
  <Line>
    <P Name="ZOrder">1435</P>
    <P Name="Src">221#out:1</P>
    <P Name="Dst">131#in:1</P>
  </Line>
  <Line>
    <P Name="ZOrder">1438</P>
    <P Name="Src">5#out:1</P>
    <P Name="Points">[17, 0]</P>
    <Branch>
      <P Name="ZOrder">1587</P>
      <P Name="Points">[211, 0]</P>
      <Branch>
        <P Name="ZOrder">1599</P>
        <P Name="Points">[0, -90]</P>
        <P Name="Dst">396#in:1</P>
      </Branch>
      <Branch>
        <P Name="ZOrder">1551</P>
        <P Name="Points">[0, 160]</P>
        <P Name="Dst">131#in:2</P>
      </Branch>
      <Branch>
        <P Name="ZOrder">1573</P>
        <P Name="Dst">389#in:1</P>
      </Branch>
    </Branch>
    <Branch>
      <P Name="ZOrder">1586</P>
      <P Name="Points">[0, -60; -305, 0; 0, 50]</P>
      <P Name="Dst">1#in:1</P>
    </Branch>
  </Line>
  <Line>
    <P Name="ZOrder">1439</P>
    <P Name="Src">6#out:1</P>
    <P Name="Points">[34, 0]</P>
    <Branch>
      <P Name="ZOrder">1589</P>
      <P Name="Points">[214, 0]</P>
      <Branch>
        <P Name="ZOrder">1602</P>
        <P Name="Points">[0, -95]</P>
        <P Name="Dst">396#in:2</P>
      </Branch>
      <Branch>
        <P Name="ZOrder">1574</P>
        <P Name="Points">[0, 150]</P>
        <P Name="Dst">131#in:3</P>
      </Branch>
      <Branch>
        <P Name="ZOrder">1556</P>
        <P Name="Dst">390#in:1</P>
      </Branch>
    </Branch>
    <Branch>
      <P Name="ZOrder">1516</P>
      <P Name="Points">[0, -110; -451, 0; 0, 44]</P>
      <Branch>
        <P Name="ZOrder">1595</P>
        <P Name="Points">[0, 21]</P>
        <P Name="Dst">162#in:1</P>
      </Branch>
      <Branch>
        <P Name="ZOrder">1591</P>
        <P Name="Points">[117, 0; 0, 36]</P>
        <P Name="Dst">1#in:2</P>
      </Branch>
    </Branch>
  </Line>
  <Line>
    <P Name="ZOrder">1432</P>
    <P Name="Src">218#out:1</P>
    <P Name="Points">[53, 0; 0, -15]</P>
    <P Name="Dst">1#in:8</P>
  </Line>
  <Line>
    <P Name="ZOrder">1429</P>
    <P Name="Src">215#out:1</P>
    <P Name="Dst">1#in:7</P>
  </Line>
  <Line>
    <P Name="ZOrder">1415</P>
    <P Name="Src">65#out:1</P>
    <P Name="Points">[70, 0; 0, -7]</P>
    <Branch>
      <P Name="ZOrder">1596</P>
      <P Name="Points">[226, 0]</P>
      <Branch>
        <P Name="ZOrder">1601</P>
        <P Name="Points">[92, 0; 0, -98]</P>
        <P Name="Dst">396#in:4</P>
      </Branch>
      <Branch>
        <P Name="ZOrder">1597</P>
        <P Name="Points">[0, 137]</P>
        <P Name="Dst">131#in:5</P>
      </Branch>
    </Branch>
    <Branch>
      <P Name="ZOrder">1577</P>
      <P Name="Points">[0, -216; -520, 0; 0, 168]</P>
      <P Name="Dst">1#in:5</P>
    </Branch>
  </Line>
  <Line>
    <P Name="ZOrder">1598</P>
    <P Name="Src">396#out:1</P>
    <P Name="Dst">392#in:1</P>
  </Line>
</System>
