<?xml version="1.0" encoding="utf-8"?>
<System>
  <P Name="Location">[223, 338, 826, 833]</P>
  <P Name="SetExecutionDomain">off</P>
  <P Name="ExecutionDomainType">Deduce</P>
  <P Name="SIDHighWatermark">49</P>
  <P Name="SimulinkSubDomain">Simulink</P>
  <Block BlockType="Inport" Name="p" SID="326::22">
    <P Name="Position">[20, 101, 40, 119]</P>
    <P Name="ZOrder">13</P>
  </Block>
  <Block BlockType="Inport" Name="v" SID="326::23">
    <P Name="Position">[20, 136, 40, 154]</P>
    <P Name="ZOrder">14</P>
    <P Name="Port">2</P>
  </Block>
  <Block BlockType="Inport" Name="a" SID="326::34">
    <P Name="Position">[20, 171, 40, 189]</P>
    <P Name="ZOrder">25</P>
    <P Name="Port">3</P>
  </Block>
  <Block BlockType="Inport" Name="R" SID="326::30">
    <P Name="Position">[20, 206, 40, 224]</P>
    <P Name="ZOrder">21</P>
    <P Name="Port">4</P>
  </Block>
  <Block BlockType="Inport" Name="w" SID="326::31">
    <P Name="Position">[20, 246, 40, 264]</P>
    <P Name="ZOrder">22</P>
    <P Name="Port">5</P>
  </Block>
  <Block BlockType="Inport" Name="u" SID="326::1">
    <P Name="Position">[20, 281, 40, 299]</P>
    <P Name="ZOrder">-1</P>
    <P Name="Port">6</P>
  </Block>
  <Block BlockType="Inport" Name="Vw" SID="326::42">
    <P Name="Position">[20, 316, 40, 334]</P>
    <P Name="ZOrder">32</P>
    <P Name="Port">7</P>
  </Block>
  <Block BlockType="Inport" Name="m" SID="326::40">
    <P Name="Position">[20, 351, 40, 369]</P>
    <P Name="ZOrder">30</P>
    <P Name="Port">8</P>
  </Block>
  <Block BlockType="Inport" Name="time" SID="326::37">
    <P Name="Position">[20, 386, 40, 404]</P>
    <P Name="ZOrder">28</P>
    <P Name="Port">9</P>
  </Block>
  <Block BlockType="Inport" Name="vi_2" SID="326::46">
    <P Name="Position">[20, 426, 40, 444]</P>
    <P Name="ZOrder">35</P>
    <P Name="Port">10</P>
  </Block>
  <Block BlockType="Demux" Name=" Demux " SID="326::48">
    <P Name="Ports">[1, 1]</P>
    <P Name="Position">[270, 315, 320, 355]</P>
    <P Name="ZOrder">37</P>
    <P Name="Outputs">1</P>
  </Block>
  <Block BlockType="S-Function" Name=" SFunction " SID="326::47">
    <P Name="Tag">Stateflow S-Function 8</P>
    <P Name="Ports">[10, 6]</P>
    <P Name="Position">[180, 100, 230, 320]</P>
    <P Name="ZOrder">36</P>
    <P Name="FunctionName">sf_sfun</P>
    <P Name="Parameters">Parameter</P>
    <P Name="PortCounts">[10 6]</P>
    <P Name="SFunctionDeploymentMode">off</P>
    <P Name="EnableBusSupport">on</P>
    <P Name="SFcnIsStateOwnerBlock">off</P>
    <Port>
      <P Name="PortNumber">2</P>
      <P Name="Name">d_p</P>
    </Port>
    <Port>
      <P Name="PortNumber">3</P>
      <P Name="Name">wc</P>
    </Port>
    <Port>
      <P Name="PortNumber">4</P>
      <P Name="Name">d_v</P>
    </Port>
    <Port>
      <P Name="PortNumber">5</P>
      <P Name="Name">d_R</P>
    </Port>
    <Port>
      <P Name="PortNumber">6</P>
      <P Name="Name">d_W</P>
    </Port>
  </Block>
  <Block BlockType="Terminator" Name=" Terminator " SID="326::49">
    <P Name="Position">[460, 326, 480, 344]</P>
    <P Name="ZOrder">38</P>
  </Block>
  <Block BlockType="Outport" Name="d_p" SID="326::5">
    <P Name="Position">[460, 101, 480, 119]</P>
    <P Name="ZOrder">-5</P>
  </Block>
  <Block BlockType="Outport" Name="wc" SID="326::43">
    <P Name="Position">[460, 136, 480, 154]</P>
    <P Name="ZOrder">33</P>
    <P Name="Port">2</P>
  </Block>
  <Block BlockType="Outport" Name="d_v" SID="326::27">
    <P Name="Position">[460, 171, 480, 189]</P>
    <P Name="ZOrder">18</P>
    <P Name="Port">3</P>
  </Block>
  <Block BlockType="Outport" Name="d_R" SID="326::32">
    <P Name="Position">[460, 206, 480, 224]</P>
    <P Name="ZOrder">23</P>
    <P Name="Port">4</P>
  </Block>
  <Block BlockType="Outport" Name="d_W" SID="326::33">
    <P Name="Position">[460, 246, 480, 264]</P>
    <P Name="ZOrder">24</P>
    <P Name="Port">5</P>
  </Block>
  <Line>
    <P Name="ZOrder">163</P>
    <P Name="Src">326::22#out:1</P>
    <P Name="Dst">326::47#in:1</P>
  </Line>
  <Line>
    <P Name="ZOrder">164</P>
    <P Name="Src">326::23#out:1</P>
    <P Name="Dst">326::47#in:2</P>
  </Line>
  <Line>
    <P Name="ZOrder">165</P>
    <P Name="Src">326::34#out:1</P>
    <P Name="Dst">326::47#in:3</P>
  </Line>
  <Line>
    <P Name="ZOrder">166</P>
    <P Name="Src">326::30#out:1</P>
    <P Name="Dst">326::47#in:4</P>
  </Line>
  <Line>
    <P Name="ZOrder">167</P>
    <P Name="Src">326::31#out:1</P>
    <P Name="Dst">326::47#in:5</P>
  </Line>
  <Line>
    <P Name="ZOrder">168</P>
    <P Name="Src">326::1#out:1</P>
    <P Name="Dst">326::47#in:6</P>
  </Line>
  <Line>
    <P Name="ZOrder">169</P>
    <P Name="Src">326::42#out:1</P>
    <P Name="Dst">326::47#in:7</P>
  </Line>
  <Line>
    <P Name="ZOrder">170</P>
    <P Name="Src">326::40#out:1</P>
    <P Name="Dst">326::47#in:8</P>
  </Line>
  <Line>
    <P Name="ZOrder">171</P>
    <P Name="Src">326::37#out:1</P>
    <P Name="Dst">326::47#in:9</P>
  </Line>
  <Line>
    <P Name="ZOrder">172</P>
    <P Name="Src">326::46#out:1</P>
    <P Name="Dst">326::47#in:10</P>
  </Line>
  <Line>
    <P Name="Name">d_p</P>
    <P Name="ZOrder">173</P>
    <P Name="Labels">[0, 0]</P>
    <P Name="Src">326::47#out:2</P>
    <P Name="Dst">326::5#in:1</P>
  </Line>
  <Line>
    <P Name="Name">wc</P>
    <P Name="ZOrder">174</P>
    <P Name="Labels">[0, 0]</P>
    <P Name="Src">326::47#out:3</P>
    <P Name="Dst">326::43#in:1</P>
  </Line>
  <Line>
    <P Name="Name">d_v</P>
    <P Name="ZOrder">175</P>
    <P Name="Labels">[0, 0]</P>
    <P Name="Src">326::47#out:4</P>
    <P Name="Dst">326::27#in:1</P>
  </Line>
  <Line>
    <P Name="Name">d_R</P>
    <P Name="ZOrder">176</P>
    <P Name="Labels">[0, 0]</P>
    <P Name="Src">326::47#out:5</P>
    <P Name="Dst">326::32#in:1</P>
  </Line>
  <Line>
    <P Name="Name">d_W</P>
    <P Name="ZOrder">177</P>
    <P Name="Labels">[0, 0]</P>
    <P Name="Src">326::47#out:6</P>
    <P Name="Dst">326::33#in:1</P>
  </Line>
  <Line>
    <P Name="ZOrder">178</P>
    <P Name="Src">326::48#out:1</P>
    <P Name="Dst">326::49#in:1</P>
  </Line>
  <Line>
    <P Name="ZOrder">179</P>
    <P Name="Src">326::47#out:1</P>
    <P Name="Dst">326::48#in:1</P>
  </Line>
</System>
