<?xml version="1.0" encoding="utf-8"?>
<System>
  <P Name="Location">[-7, -7, 1543, 831]</P>
  <P Name="Open">on</P>
  <P Name="SetExecutionDomain">off</P>
  <P Name="ExecutionDomainType">Deduce</P>
  <P Name="SimulinkSubDomain">Simulink</P>
  <Block BlockType="Inport" Name="p_ref" SID="338">
    <P Name="Position">[195, 78, 225, 92]</P>
    <P Name="ZOrder">3922</P>
  </Block>
  <Block BlockType="Inport" Name="x" SID="368">
    <P Name="Position">[195, 223, 225, 237]</P>
    <P Name="ZOrder">3929</P>
    <P Name="Port">2</P>
  </Block>
  <Block BlockType="BusSelector" Name="Bus&#xA;Selector" SID="397">
    <P Name="Ports">[1, 4]</P>
    <P Name="Position">[270, 191, 275, 269]</P>
    <P Name="ZOrder">3932</P>
    <P Name="ShowName">off</P>
    <P Name="OutputSignals">signal1,signal2,signal3,signal4</P>
    <Port>
      <P Name="PortNumber">1</P>
      <P Name="Name">&lt;signal1&gt;</P>
    </Port>
    <Port>
      <P Name="PortNumber">2</P>
      <P Name="Name">&lt;signal2&gt;</P>
    </Port>
    <Port>
      <P Name="PortNumber">3</P>
      <P Name="Name">&lt;signal3&gt;</P>
    </Port>
    <Port>
      <P Name="PortNumber">4</P>
      <P Name="Name">&lt;signal4&gt;</P>
    </Port>
  </Block>
  <Block BlockType="Reference" Name="Filtered Derivative&#xA;(Discrete or Continuous)1" SID="341">
    <P Name="Ports">[1, 1]</P>
    <P Name="Position">[365, 130, 425, 160]</P>
    <P Name="ZOrder">3910</P>
    <P Name="ShowName">off</P>
    <P Name="HideAutomaticName">off</P>
    <P Name="LibraryVersion">1.219</P>
    <P Name="SourceBlock">eeGeneralControl/Filtered Derivative
(Discrete or Continuous)</P>
    <P Name="SourceType">Filtered Derivative (Discrete or Continuous)</P>
    <P Name="SourceProductBaseCode">PS</P>
    <InstanceData>
      <P Name="RTWMemSecFuncInitTerm">Inherit from model</P>
      <P Name="RTWMemSecFuncExecute">Inherit from model</P>
      <P Name="RTWMemSecDataConstants">Inherit from model</P>
      <P Name="RTWMemSecDataInternal">Inherit from model</P>
      <P Name="RTWMemSecDataParameters">Inherit from model</P>
      <P Name="ContentPreviewEnabled">on</P>
      <P Name="K">1</P>
      <P Name="T">0.001</P>
      <P Name="B">inf</P>
      <P Name="A">-inf</P>
      <P Name="minRatio">10</P>
      <P Name="init_option">Inherited from block input</P>
      <P Name="x0">0</P>
      <P Name="Ts">-1</P>
    </InstanceData>
  </Block>
  <Block BlockType="Reference" Name="Filtered Derivative&#xA;(Discrete or Continuous)2" SID="342">
    <P Name="Ports">[1, 1]</P>
    <P Name="Position">[265, 100, 325, 130]</P>
    <P Name="ZOrder">3900</P>
    <P Name="ShowName">off</P>
    <P Name="HideAutomaticName">off</P>
    <P Name="LibraryVersion">1.219</P>
    <P Name="SourceBlock">eeGeneralControl/Filtered Derivative
(Discrete or Continuous)</P>
    <P Name="SourceType">Filtered Derivative (Discrete or Continuous)</P>
    <P Name="SourceProductBaseCode">PS</P>
    <InstanceData>
      <P Name="RTWMemSecFuncInitTerm">Inherit from model</P>
      <P Name="RTWMemSecFuncExecute">Inherit from model</P>
      <P Name="RTWMemSecDataConstants">Inherit from model</P>
      <P Name="RTWMemSecDataInternal">Inherit from model</P>
      <P Name="RTWMemSecDataParameters">Inherit from model</P>
      <P Name="ContentPreviewEnabled">on</P>
      <P Name="K">1</P>
      <P Name="T">0.001</P>
      <P Name="B">inf</P>
      <P Name="A">-inf</P>
      <P Name="minRatio">10</P>
      <P Name="init_option">Inherited from block input</P>
      <P Name="x0">0</P>
      <P Name="Ts">-1</P>
    </InstanceData>
  </Block>
  <Block BlockType="Reference" Name="Filtered Derivative&#xA;(Discrete or Continuous)3" SID="343">
    <P Name="Ports">[1, 1]</P>
    <P Name="Position">[495, 155, 555, 185]</P>
    <P Name="ZOrder">3911</P>
    <P Name="ShowName">off</P>
    <P Name="HideAutomaticName">off</P>
    <P Name="LibraryVersion">1.219</P>
    <P Name="SourceBlock">eeGeneralControl/Filtered Derivative
(Discrete or Continuous)</P>
    <P Name="SourceType">Filtered Derivative (Discrete or Continuous)</P>
    <P Name="SourceProductBaseCode">PS</P>
    <InstanceData>
      <P Name="RTWMemSecFuncInitTerm">Inherit from model</P>
      <P Name="RTWMemSecFuncExecute">Inherit from model</P>
      <P Name="RTWMemSecDataConstants">Inherit from model</P>
      <P Name="RTWMemSecDataInternal">Inherit from model</P>
      <P Name="RTWMemSecDataParameters">Inherit from model</P>
      <P Name="ContentPreviewEnabled">on</P>
      <P Name="K">1</P>
      <P Name="T">0.001</P>
      <P Name="B">inf</P>
      <P Name="A">-inf</P>
      <P Name="minRatio">10</P>
      <P Name="init_option">Inherited from block input</P>
      <P Name="x0">0</P>
      <P Name="Ts">-1</P>
    </InstanceData>
  </Block>
  <Block BlockType="Reference" Name="Filtered Derivative&#xA;(Discrete or Continuous)5" SID="344">
    <P Name="Ports">[1, 1]</P>
    <P Name="Position">[600, 225, 660, 255]</P>
    <P Name="ZOrder">3913</P>
    <P Name="HideAutomaticName">off</P>
    <P Name="LibraryVersion">1.219</P>
    <P Name="SourceBlock">eeGeneralControl/Filtered Derivative
(Discrete or Continuous)</P>
    <P Name="SourceType">Filtered Derivative (Discrete or Continuous)</P>
    <P Name="SourceProductBaseCode">PS</P>
    <InstanceData>
      <P Name="RTWMemSecFuncInitTerm">Inherit from model</P>
      <P Name="RTWMemSecFuncExecute">Inherit from model</P>
      <P Name="RTWMemSecDataConstants">Inherit from model</P>
      <P Name="RTWMemSecDataInternal">Inherit from model</P>
      <P Name="RTWMemSecDataParameters">Inherit from model</P>
      <P Name="ContentPreviewEnabled">on</P>
      <P Name="K">1</P>
      <P Name="T">0.001</P>
      <P Name="B">inf</P>
      <P Name="A">-inf</P>
      <P Name="minRatio">10</P>
      <P Name="init_option">Inherited from block input</P>
      <P Name="x0">0</P>
      <P Name="Ts">-1</P>
    </InstanceData>
  </Block>
  <Block BlockType="SubSystem" Name="MATLAB Function1" SID="345">
    <P Name="Ports">[10, 2]</P>
    <P Name="Position">[990, 135, 1170, 255]</P>
    <P Name="ZOrder">2</P>
    <P Name="ErrorFcn">Stateflow.Translate.translate</P>
    <P Name="PermitHierarchicalResolution">ExplicitOnly</P>
    <P Name="TreatAsAtomicUnit">on</P>
    <P Name="RequestExecContextInheritance">off</P>
    <P Name="SFBlockType">MATLAB Function</P>
    <P Name="ContentPreviewEnabled">on</P>
    <System Ref="system_345"/>
  </Block>
  <Block BlockType="Step" Name="Step1" SID="346">
    <P Name="Position">[195, 25, 225, 55]</P>
    <P Name="ZOrder">3918</P>
    <P Name="Time">15</P>
    <P Name="Before">4</P>
    <P Name="After">6</P>
    <P Name="SampleTime">0</P>
  </Block>
  <Block BlockType="Outport" Name="m" SID="347">
    <P Name="Position">[1270, 108, 1300, 122]</P>
    <P Name="ZOrder">3925</P>
  </Block>
  <Block BlockType="Outport" Name="u2" SID="348">
    <P Name="Position">[1270, 158, 1300, 172]</P>
    <P Name="ZOrder">3926</P>
    <P Name="Port">2</P>
  </Block>
  <Block BlockType="Outport" Name="ep" SID="349">
    <P Name="Position">[1270, 218, 1300, 232]</P>
    <P Name="ZOrder">3927</P>
    <P Name="Port">3</P>
  </Block>
  <Line>
    <P Name="ZOrder">1</P>
    <P Name="Src">343#out:1</P>
    <P Name="Points">[87, 0; 0, 20]</P>
    <P Name="Dst">345#in:5</P>
  </Line>
  <Line>
    <P Name="ZOrder">2</P>
    <P Name="Src">344#out:1</P>
    <P Name="Points">[45, 0; 0, -20]</P>
    <P Name="Dst">345#in:8</P>
  </Line>
  <Line>
    <P Name="ZOrder">3</P>
    <P Name="Src">342#out:1</P>
    <P Name="Points">[11, 0]</P>
    <Branch>
      <P Name="ZOrder">42</P>
      <P Name="Points">[0, 30]</P>
      <P Name="Dst">341#in:1</P>
    </Branch>
    <Branch>
      <P Name="ZOrder">5</P>
      <P Name="Points">[411, 0; 0, 55]</P>
      <P Name="Dst">345#in:3</P>
    </Branch>
  </Line>
  <Line>
    <P Name="ZOrder">6</P>
    <P Name="Src">341#out:1</P>
    <P Name="Points">[24, 0]</P>
    <Branch>
      <P Name="ZOrder">43</P>
      <P Name="Points">[0, 25]</P>
      <P Name="Dst">343#in:1</P>
    </Branch>
    <Branch>
      <P Name="ZOrder">35</P>
      <P Name="Points">[268, 0; 0, 35]</P>
      <P Name="Dst">345#in:4</P>
    </Branch>
  </Line>
  <Line>
    <P Name="ZOrder">9</P>
    <P Name="Src">346#out:1</P>
    <P Name="Points">[710, 0; 0, 75]</P>
    <Branch>
      <P Name="ZOrder">62</P>
      <P Name="Points">[0, 35]</P>
      <P Name="Dst">345#in:1</P>
    </Branch>
    <Branch>
      <P Name="ZOrder">22</P>
      <P Name="Dst">347#in:1</P>
    </Branch>
  </Line>
  <Line>
    <P Name="Name">&lt;signal2&gt;</P>
    <P Name="ZOrder">66</P>
    <P Name="Labels">[0, 0]</P>
    <P Name="Src">397#out:2</P>
    <P Name="Points">[291, 0]</P>
    <Branch>
      <P Name="ZOrder">61</P>
      <P Name="Points">[0, 20]</P>
      <P Name="Dst">344#in:1</P>
    </Branch>
    <Branch>
      <P Name="ZOrder">56</P>
      <P Name="Points">[0, -10]</P>
      <P Name="Dst">345#in:7</P>
    </Branch>
  </Line>
  <Line>
    <P Name="Name">&lt;signal1&gt;</P>
    <P Name="ZOrder">67</P>
    <P Name="Labels">[0, 0]</P>
    <P Name="Src">397#out:1</P>
    <P Name="Dst">345#in:6</P>
  </Line>
  <Line>
    <P Name="ZOrder">16</P>
    <P Name="Src">345#out:2</P>
    <P Name="Dst">349#in:1</P>
  </Line>
  <Line>
    <P Name="ZOrder">17</P>
    <P Name="Src">338#out:1</P>
    <P Name="Points">[14, 0]</P>
    <Branch>
      <P Name="ZOrder">41</P>
      <P Name="Points">[0, 30]</P>
      <P Name="Dst">342#in:1</P>
    </Branch>
    <Branch>
      <P Name="ZOrder">25</P>
      <P Name="Points">[0, -9; 538, 0; 0, 84]</P>
      <P Name="Dst">345#in:2</P>
    </Branch>
  </Line>
  <Line>
    <P Name="ZOrder">19</P>
    <P Name="Src">345#out:1</P>
    <P Name="Dst">348#in:1</P>
  </Line>
  <Line>
    <P Name="Name">&lt;signal3&gt;</P>
    <P Name="ZOrder">68</P>
    <P Name="Labels">[0, 0]</P>
    <P Name="Src">397#out:3</P>
    <P Name="Points">[196, 0; 0, 63; 482, 0; 0, -73]</P>
    <P Name="Dst">345#in:9</P>
  </Line>
  <Line>
    <P Name="Name">&lt;signal4&gt;</P>
    <P Name="ZOrder">69</P>
    <P Name="Labels">[0, 0]</P>
    <P Name="Src">397#out:4</P>
    <P Name="Points">[100, 0; 0, 63; 592, 0; 0, -83]</P>
    <P Name="Dst">345#in:10</P>
  </Line>
  <Line>
    <P Name="ZOrder">65</P>
    <P Name="Src">368#out:1</P>
    <P Name="Dst">397#in:1</P>
  </Line>
</System>
