<?xml version="1.0" encoding="utf-8"?>
<System>
  <P Name="Location">[223, 338, 826, 833]</P>
  <P Name="SetExecutionDomain">off</P>
  <P Name="ExecutionDomainType">Deduce</P>
  <P Name="SIDHighWatermark">44</P>
  <P Name="SimulinkSubDomain">Simulink</P>
  <Block BlockType="Inport" Name="m" SID="345::41">
    <P Name="Position">[20, 101, 40, 119]</P>
    <P Name="ZOrder">30</P>
  </Block>
  <Block BlockType="Inport" Name="p_ref" SID="345::23">
    <P Name="Position">[20, 136, 40, 154]</P>
    <P Name="ZOrder">14</P>
    <P Name="Port">2</P>
  </Block>
  <Block BlockType="Inport" Name="v_ref" SID="345::32">
    <P Name="Position">[20, 171, 40, 189]</P>
    <P Name="ZOrder">22</P>
    <P Name="Port">3</P>
  </Block>
  <Block BlockType="Inport" Name="a_ref" SID="345::36">
    <P Name="Position">[20, 206, 40, 224]</P>
    <P Name="ZOrder">25</P>
    <P Name="Port">4</P>
  </Block>
  <Block BlockType="Inport" Name="a_ref_dot" SID="345::35">
    <P Name="Position">[20, 246, 40, 264]</P>
    <P Name="ZOrder">24</P>
    <P Name="Port">5</P>
  </Block>
  <Block BlockType="Inport" Name="p" SID="345::1">
    <P Name="Position">[20, 281, 40, 299]</P>
    <P Name="ZOrder">-1</P>
    <P Name="Port">6</P>
  </Block>
  <Block BlockType="Inport" Name="v" SID="345::22">
    <P Name="Position">[20, 316, 40, 334]</P>
    <P Name="ZOrder">13</P>
    <P Name="Port">7</P>
  </Block>
  <Block BlockType="Inport" Name="a" SID="345::38">
    <P Name="Position">[20, 351, 40, 369]</P>
    <P Name="ZOrder">27</P>
    <P Name="Port">8</P>
  </Block>
  <Block BlockType="Inport" Name="R" SID="345::40">
    <P Name="Position">[20, 386, 40, 404]</P>
    <P Name="ZOrder">29</P>
    <P Name="Port">9</P>
  </Block>
  <Block BlockType="Inport" Name="W" SID="345::26">
    <P Name="Position">[20, 426, 40, 444]</P>
    <P Name="ZOrder">16</P>
    <P Name="Port">10</P>
  </Block>
  <Block BlockType="Demux" Name=" Demux " SID="345::43">
    <P Name="Ports">[1, 1]</P>
    <P Name="Position">[270, 230, 320, 270]</P>
    <P Name="ZOrder">32</P>
    <P Name="Outputs">1</P>
  </Block>
  <Block BlockType="S-Function" Name=" SFunction " SID="345::42">
    <P Name="Tag">Stateflow S-Function 10</P>
    <P Name="Ports">[10, 3]</P>
    <P Name="Position">[180, 100, 230, 320]</P>
    <P Name="ZOrder">31</P>
    <P Name="FunctionName">sf_sfun</P>
    <P Name="Parameters">Parameter</P>
    <P Name="PortCounts">[10 3]</P>
    <P Name="SFunctionDeploymentMode">off</P>
    <P Name="EnableBusSupport">on</P>
    <P Name="SFcnIsStateOwnerBlock">off</P>
    <Port>
      <P Name="PortNumber">2</P>
      <P Name="Name">u</P>
    </Port>
    <Port>
      <P Name="PortNumber">3</P>
      <P Name="Name">ep</P>
    </Port>
  </Block>
  <Block BlockType="Terminator" Name=" Terminator " SID="345::44">
    <P Name="Position">[460, 241, 480, 259]</P>
    <P Name="ZOrder">33</P>
  </Block>
  <Block BlockType="Outport" Name="u" SID="345::5">
    <P Name="Position">[460, 101, 480, 119]</P>
    <P Name="ZOrder">-5</P>
  </Block>
  <Block BlockType="Outport" Name="ep" SID="345::37">
    <P Name="Position">[460, 136, 480, 154]</P>
    <P Name="ZOrder">26</P>
    <P Name="Port">2</P>
  </Block>
  <Line>
    <P Name="ZOrder">71</P>
    <P Name="Src">345::41#out:1</P>
    <P Name="Dst">345::42#in:1</P>
  </Line>
  <Line>
    <P Name="ZOrder">72</P>
    <P Name="Src">345::23#out:1</P>
    <P Name="Dst">345::42#in:2</P>
  </Line>
  <Line>
    <P Name="ZOrder">73</P>
    <P Name="Src">345::32#out:1</P>
    <P Name="Dst">345::42#in:3</P>
  </Line>
  <Line>
    <P Name="ZOrder">74</P>
    <P Name="Src">345::36#out:1</P>
    <P Name="Dst">345::42#in:4</P>
  </Line>
  <Line>
    <P Name="ZOrder">75</P>
    <P Name="Src">345::35#out:1</P>
    <P Name="Dst">345::42#in:5</P>
  </Line>
  <Line>
    <P Name="ZOrder">76</P>
    <P Name="Src">345::1#out:1</P>
    <P Name="Dst">345::42#in:6</P>
  </Line>
  <Line>
    <P Name="ZOrder">77</P>
    <P Name="Src">345::22#out:1</P>
    <P Name="Dst">345::42#in:7</P>
  </Line>
  <Line>
    <P Name="ZOrder">78</P>
    <P Name="Src">345::38#out:1</P>
    <P Name="Dst">345::42#in:8</P>
  </Line>
  <Line>
    <P Name="ZOrder">79</P>
    <P Name="Src">345::40#out:1</P>
    <P Name="Dst">345::42#in:9</P>
  </Line>
  <Line>
    <P Name="ZOrder">80</P>
    <P Name="Src">345::26#out:1</P>
    <P Name="Dst">345::42#in:10</P>
  </Line>
  <Line>
    <P Name="Name">u</P>
    <P Name="ZOrder">81</P>
    <P Name="Labels">[0, 0]</P>
    <P Name="Src">345::42#out:2</P>
    <P Name="Dst">345::5#in:1</P>
  </Line>
  <Line>
    <P Name="Name">ep</P>
    <P Name="ZOrder">82</P>
    <P Name="Labels">[0, 0]</P>
    <P Name="Src">345::42#out:3</P>
    <P Name="Dst">345::37#in:1</P>
  </Line>
  <Line>
    <P Name="ZOrder">83</P>
    <P Name="Src">345::43#out:1</P>
    <P Name="Dst">345::44#in:1</P>
  </Line>
  <Line>
    <P Name="ZOrder">84</P>
    <P Name="Src">345::42#out:1</P>
    <P Name="Dst">345::43#in:1</P>
  </Line>
</System>
