<?xml version="1.0" encoding="utf-8"?>
<System>
  <P Name="Location">[223, 338, 826, 833]</P>
  <P Name="SetExecutionDomain">off</P>
  <P Name="ExecutionDomainType">Deduce</P>
  <P Name="SIDHighWatermark">47</P>
  <P Name="SimulinkSubDomain">Simulink</P>
  <Block BlockType="Inport" Name="p" SID="1::22">
    <P Name="Position">[20, 101, 40, 119]</P>
    <P Name="ZOrder">13</P>
  </Block>
  <Block BlockType="Inport" Name="v" SID="1::23">
    <P Name="Position">[20, 136, 40, 154]</P>
    <P Name="ZOrder">14</P>
    <P Name="Port">2</P>
  </Block>
  <Block BlockType="Inport" Name="a" SID="1::34">
    <P Name="Position">[20, 171, 40, 189]</P>
    <P Name="ZOrder">25</P>
    <P Name="Port">3</P>
  </Block>
  <Block BlockType="Inport" Name="R" SID="1::30">
    <P Name="Position">[20, 206, 40, 224]</P>
    <P Name="ZOrder">21</P>
    <P Name="Port">4</P>
  </Block>
  <Block BlockType="Inport" Name="w" SID="1::31">
    <P Name="Position">[20, 246, 40, 264]</P>
    <P Name="ZOrder">22</P>
    <P Name="Port">5</P>
  </Block>
  <Block BlockType="Inport" Name="u" SID="1::1">
    <P Name="Position">[20, 281, 40, 299]</P>
    <P Name="ZOrder">-1</P>
    <P Name="Port">6</P>
  </Block>
  <Block BlockType="Inport" Name="aux" SID="1::42">
    <P Name="Position">[20, 316, 40, 334]</P>
    <P Name="ZOrder">32</P>
    <P Name="Port">7</P>
  </Block>
  <Block BlockType="Inport" Name="m" SID="1::40">
    <P Name="Position">[20, 351, 40, 369]</P>
    <P Name="ZOrder">30</P>
    <P Name="Port">8</P>
  </Block>
  <Block BlockType="Inport" Name="time" SID="1::37">
    <P Name="Position">[20, 386, 40, 404]</P>
    <P Name="ZOrder">28</P>
    <P Name="Port">9</P>
  </Block>
  <Block BlockType="Demux" Name=" Demux " SID="1::46">
    <P Name="Ports">[1, 1]</P>
    <P Name="Position">[270, 280, 320, 320]</P>
    <P Name="ZOrder">34</P>
    <P Name="Outputs">1</P>
  </Block>
  <Block BlockType="S-Function" Name=" SFunction " SID="1::45">
    <P Name="Tag">Stateflow S-Function 2</P>
    <P Name="Ports">[9, 5]</P>
    <P Name="Position">[180, 100, 230, 300]</P>
    <P Name="ZOrder">33</P>
    <P Name="FunctionName">sf_sfun</P>
    <P Name="Parameters">Parameter</P>
    <P Name="PortCounts">[9 5]</P>
    <P Name="SFunctionDeploymentMode">off</P>
    <P Name="EnableBusSupport">on</P>
    <P Name="SFcnIsStateOwnerBlock">off</P>
    <Port>
      <P Name="PortNumber">2</P>
      <P Name="Name">d_p</P>
    </Port>
    <Port>
      <P Name="PortNumber">3</P>
      <P Name="Name">d_v</P>
    </Port>
    <Port>
      <P Name="PortNumber">4</P>
      <P Name="Name">d_R</P>
    </Port>
    <Port>
      <P Name="PortNumber">5</P>
      <P Name="Name">d_W</P>
    </Port>
  </Block>
  <Block BlockType="Terminator" Name=" Terminator " SID="1::47">
    <P Name="Position">[460, 291, 480, 309]</P>
    <P Name="ZOrder">35</P>
  </Block>
  <Block BlockType="Outport" Name="d_p" SID="1::5">
    <P Name="Position">[460, 101, 480, 119]</P>
    <P Name="ZOrder">-5</P>
  </Block>
  <Block BlockType="Outport" Name="d_v" SID="1::27">
    <P Name="Position">[460, 136, 480, 154]</P>
    <P Name="ZOrder">18</P>
    <P Name="Port">2</P>
  </Block>
  <Block BlockType="Outport" Name="d_R" SID="1::32">
    <P Name="Position">[460, 171, 480, 189]</P>
    <P Name="ZOrder">23</P>
    <P Name="Port">3</P>
  </Block>
  <Block BlockType="Outport" Name="d_W" SID="1::33">
    <P Name="Position">[460, 206, 480, 224]</P>
    <P Name="ZOrder">24</P>
    <P Name="Port">4</P>
  </Block>
  <Line>
    <P Name="ZOrder">714</P>
    <P Name="Src">1::22#out:1</P>
    <P Name="Dst">1::45#in:1</P>
  </Line>
  <Line>
    <P Name="ZOrder">715</P>
    <P Name="Src">1::23#out:1</P>
    <P Name="Dst">1::45#in:2</P>
  </Line>
  <Line>
    <P Name="ZOrder">716</P>
    <P Name="Src">1::34#out:1</P>
    <P Name="Dst">1::45#in:3</P>
  </Line>
  <Line>
    <P Name="ZOrder">717</P>
    <P Name="Src">1::30#out:1</P>
    <P Name="Dst">1::45#in:4</P>
  </Line>
  <Line>
    <P Name="ZOrder">718</P>
    <P Name="Src">1::31#out:1</P>
    <P Name="Dst">1::45#in:5</P>
  </Line>
  <Line>
    <P Name="ZOrder">719</P>
    <P Name="Src">1::1#out:1</P>
    <P Name="Dst">1::45#in:6</P>
  </Line>
  <Line>
    <P Name="ZOrder">720</P>
    <P Name="Src">1::42#out:1</P>
    <P Name="Dst">1::45#in:7</P>
  </Line>
  <Line>
    <P Name="ZOrder">721</P>
    <P Name="Src">1::40#out:1</P>
    <P Name="Dst">1::45#in:8</P>
  </Line>
  <Line>
    <P Name="ZOrder">722</P>
    <P Name="Src">1::37#out:1</P>
    <P Name="Dst">1::45#in:9</P>
  </Line>
  <Line>
    <P Name="Name">d_p</P>
    <P Name="ZOrder">723</P>
    <P Name="Labels">[0, 0]</P>
    <P Name="Src">1::45#out:2</P>
    <P Name="Points">[0, -50]</P>
    <P Name="Dst">1::5#in:1</P>
  </Line>
  <Line>
    <P Name="Name">d_v</P>
    <P Name="ZOrder">724</P>
    <P Name="Labels">[0, 0]</P>
    <P Name="Src">1::45#out:3</P>
    <P Name="Dst">1::27#in:1</P>
  </Line>
  <Line>
    <P Name="Name">d_R</P>
    <P Name="ZOrder">725</P>
    <P Name="Labels">[0, 0]</P>
    <P Name="Src">1::45#out:4</P>
    <P Name="Dst">1::32#in:1</P>
  </Line>
  <Line>
    <P Name="Name">d_W</P>
    <P Name="ZOrder">726</P>
    <P Name="Labels">[0, 0]</P>
    <P Name="Src">1::45#out:5</P>
    <P Name="Dst">1::33#in:1</P>
  </Line>
  <Line>
    <P Name="ZOrder">727</P>
    <P Name="Src">1::46#out:1</P>
    <P Name="Dst">1::47#in:1</P>
  </Line>
  <Line>
    <P Name="ZOrder">728</P>
    <P Name="Src">1::45#out:1</P>
    <P Name="Points">[20, 0]</P>
    <P Name="Dst">1::46#in:1</P>
  </Line>
</System>
