<?xml version="1.0" encoding="utf-8"?>
<System>
  <P Name="Location">[1913, 118, 3847, 1172]</P>
  <P Name="Open">on</P>
  <P Name="SetExecutionDomain">off</P>
  <P Name="ExecutionDomainType">Deduce</P>
  <P Name="SimulinkSubDomain">Simulink</P>
  <Block BlockType="Inport" Name="p_ref" SID="233">
    <P Name="Position">[-110, 43, -80, 57]</P>
    <P Name="ZOrder">3922</P>
  </Block>
  <Block BlockType="Inport" Name="x" SID="371">
    <P Name="Position">[110, 243, 140, 257]</P>
    <P Name="ZOrder">3931</P>
    <P Name="Port">2</P>
  </Block>
  <Block BlockType="BusSelector" Name="Bus&#xA;Selector" SID="398">
    <P Name="Ports">[1, 4]</P>
    <P Name="Position">[190, 211, 195, 289]</P>
    <P Name="ZOrder">3933</P>
    <P Name="ShowName">off</P>
    <P Name="OutputSignals">signal1,signal2,signal3,signal4</P>
    <Port>
      <P Name="PortNumber">1</P>
      <P Name="Name">&lt;signal1&gt;</P>
    </Port>
    <Port>
      <P Name="PortNumber">2</P>
      <P Name="Name">&lt;signal2&gt;</P>
    </Port>
    <Port>
      <P Name="PortNumber">3</P>
      <P Name="Name">&lt;signal3&gt;</P>
    </Port>
    <Port>
      <P Name="PortNumber">4</P>
      <P Name="Name">&lt;signal4&gt;</P>
    </Port>
  </Block>
  <Block BlockType="SubSystem" Name="Controller 2" SID="2">
    <P Name="Ports">[10, 2]</P>
    <P Name="Position">[570, 95, 750, 215]</P>
    <P Name="ZOrder">2</P>
    <P Name="ErrorFcn">Stateflow.Translate.translate</P>
    <P Name="PermitHierarchicalResolution">ExplicitOnly</P>
    <P Name="TreatAsAtomicUnit">on</P>
    <P Name="RequestExecContextInheritance">off</P>
    <P Name="SFBlockType">MATLAB Function</P>
    <P Name="ContentPreviewEnabled">on</P>
    <System Ref="system_2"/>
  </Block>
  <Block BlockType="Reference" Name="Filtered Derivative&#xA;(Discrete or Continuous)1" SID="160">
    <P Name="Ports">[1, 1]</P>
    <P Name="Position">[60, 100, 120, 130]</P>
    <P Name="ZOrder">3910</P>
    <P Name="ShowName">off</P>
    <P Name="HideAutomaticName">off</P>
    <P Name="LibraryVersion">1.219</P>
    <P Name="SourceBlock">eeGeneralControl/Filtered Derivative
(Discrete or Continuous)</P>
    <P Name="SourceType">Filtered Derivative (Discrete or Continuous)</P>
    <P Name="SourceProductBaseCode">PS</P>
    <InstanceData>
      <P Name="RTWMemSecFuncInitTerm">Inherit from model</P>
      <P Name="RTWMemSecFuncExecute">Inherit from model</P>
      <P Name="RTWMemSecDataConstants">Inherit from model</P>
      <P Name="RTWMemSecDataInternal">Inherit from model</P>
      <P Name="RTWMemSecDataParameters">Inherit from model</P>
      <P Name="ContentPreviewEnabled">on</P>
      <P Name="K">1</P>
      <P Name="T">0.001</P>
      <P Name="B">inf</P>
      <P Name="A">-inf</P>
      <P Name="minRatio">10</P>
      <P Name="init_option">Inherited from block input</P>
      <P Name="x0">0</P>
      <P Name="Ts">-1</P>
    </InstanceData>
  </Block>
  <Block BlockType="Reference" Name="Filtered Derivative&#xA;(Discrete or Continuous)2" SID="150">
    <P Name="Ports">[1, 1]</P>
    <P Name="Position">[-40, 70, 20, 100]</P>
    <P Name="ZOrder">3900</P>
    <P Name="ShowName">off</P>
    <P Name="HideAutomaticName">off</P>
    <P Name="LibraryVersion">1.219</P>
    <P Name="SourceBlock">eeGeneralControl/Filtered Derivative
(Discrete or Continuous)</P>
    <P Name="SourceType">Filtered Derivative (Discrete or Continuous)</P>
    <P Name="SourceProductBaseCode">PS</P>
    <InstanceData>
      <P Name="RTWMemSecFuncInitTerm">Inherit from model</P>
      <P Name="RTWMemSecFuncExecute">Inherit from model</P>
      <P Name="RTWMemSecDataConstants">Inherit from model</P>
      <P Name="RTWMemSecDataInternal">Inherit from model</P>
      <P Name="RTWMemSecDataParameters">Inherit from model</P>
      <P Name="ContentPreviewEnabled">on</P>
      <P Name="K">1</P>
      <P Name="T">0.001</P>
      <P Name="B">inf</P>
      <P Name="A">-inf</P>
      <P Name="minRatio">10</P>
      <P Name="init_option">Inherited from block input</P>
      <P Name="x0">0</P>
      <P Name="Ts">-1</P>
    </InstanceData>
  </Block>
  <Block BlockType="Reference" Name="Filtered Derivative&#xA;(Discrete or Continuous)3" SID="161">
    <P Name="Ports">[1, 1]</P>
    <P Name="Position">[165, 125, 225, 155]</P>
    <P Name="ZOrder">3911</P>
    <P Name="ShowName">off</P>
    <P Name="HideAutomaticName">off</P>
    <P Name="LibraryVersion">1.219</P>
    <P Name="SourceBlock">eeGeneralControl/Filtered Derivative
(Discrete or Continuous)</P>
    <P Name="SourceType">Filtered Derivative (Discrete or Continuous)</P>
    <P Name="SourceProductBaseCode">PS</P>
    <InstanceData>
      <P Name="RTWMemSecFuncInitTerm">Inherit from model</P>
      <P Name="RTWMemSecFuncExecute">Inherit from model</P>
      <P Name="RTWMemSecDataConstants">Inherit from model</P>
      <P Name="RTWMemSecDataInternal">Inherit from model</P>
      <P Name="RTWMemSecDataParameters">Inherit from model</P>
      <P Name="ContentPreviewEnabled">on</P>
      <P Name="K">1</P>
      <P Name="T">0.001</P>
      <P Name="B">inf</P>
      <P Name="A">-inf</P>
      <P Name="minRatio">10</P>
      <P Name="init_option">Inherited from block input</P>
      <P Name="x0">0</P>
      <P Name="Ts">-1</P>
    </InstanceData>
  </Block>
  <Block BlockType="Reference" Name="Filtered Derivative&#xA;(Discrete or Continuous)5" SID="163">
    <P Name="Ports">[1, 1]</P>
    <P Name="Position">[425, 225, 485, 255]</P>
    <P Name="ZOrder">3913</P>
    <P Name="ShowName">off</P>
    <P Name="HideAutomaticName">off</P>
    <P Name="LibraryVersion">1.219</P>
    <P Name="SourceBlock">eeGeneralControl/Filtered Derivative
(Discrete or Continuous)</P>
    <P Name="SourceType">Filtered Derivative (Discrete or Continuous)</P>
    <P Name="SourceProductBaseCode">PS</P>
    <InstanceData>
      <P Name="RTWMemSecFuncInitTerm">Inherit from model</P>
      <P Name="RTWMemSecFuncExecute">Inherit from model</P>
      <P Name="RTWMemSecDataConstants">Inherit from model</P>
      <P Name="RTWMemSecDataInternal">Inherit from model</P>
      <P Name="RTWMemSecDataParameters">Inherit from model</P>
      <P Name="ContentPreviewEnabled">on</P>
      <P Name="K">1</P>
      <P Name="T">0.001</P>
      <P Name="B">inf</P>
      <P Name="A">-inf</P>
      <P Name="minRatio">10</P>
      <P Name="init_option">Inherited from block input</P>
      <P Name="x0">0</P>
      <P Name="Ts">-1</P>
    </InstanceData>
  </Block>
  <Block BlockType="Step" Name="Step1" SID="172">
    <P Name="Position">[-110, -10, -80, 20]</P>
    <P Name="ZOrder">3918</P>
    <P Name="Time">15</P>
    <P Name="Before">4</P>
    <P Name="After">6</P>
    <P Name="SampleTime">0</P>
  </Block>
  <Block BlockType="Outport" Name="m" SID="236">
    <P Name="Position">[785, 58, 815, 72]</P>
    <P Name="ZOrder">3925</P>
  </Block>
  <Block BlockType="Outport" Name="u2" SID="237">
    <P Name="Position">[785, 118, 815, 132]</P>
    <P Name="ZOrder">3926</P>
    <P Name="Port">2</P>
  </Block>
  <Block BlockType="Outport" Name="ep" SID="238">
    <P Name="Position">[785, 178, 815, 192]</P>
    <P Name="ZOrder">3927</P>
    <P Name="Port">3</P>
  </Block>
  <Line>
    <P Name="ZOrder">745</P>
    <P Name="Src">161#out:1</P>
    <P Name="Points">[249, 0; 0, 10]</P>
    <P Name="Dst">2#in:5</P>
  </Line>
  <Line>
    <P Name="ZOrder">841</P>
    <P Name="Src">163#out:1</P>
    <P Name="Points">[8, 0; 0, -60]</P>
    <P Name="Dst">2#in:8</P>
  </Line>
  <Line>
    <P Name="ZOrder">714</P>
    <P Name="Src">150#out:1</P>
    <P Name="Points">[14, 0]</P>
    <Branch>
      <P Name="ZOrder">1497</P>
      <P Name="Points">[0, 30]</P>
      <P Name="Dst">160#in:1</P>
    </Branch>
    <Branch>
      <P Name="ZOrder">742</P>
      <P Name="Points">[471, 0; 0, 45]</P>
      <P Name="Dst">2#in:3</P>
    </Branch>
  </Line>
  <Line>
    <P Name="ZOrder">744</P>
    <P Name="Src">160#out:1</P>
    <P Name="Points">[11, 0]</P>
    <Branch>
      <P Name="ZOrder">1502</P>
      <P Name="Points">[0, 25]</P>
      <P Name="Dst">161#in:1</P>
    </Branch>
    <Branch>
      <P Name="ZOrder">838</P>
      <P Name="Points">[361, 0; 0, 25]</P>
      <P Name="Dst">2#in:4</P>
    </Branch>
  </Line>
  <Line>
    <P Name="ZOrder">1218</P>
    <P Name="Src">172#out:1</P>
    <P Name="Points">[621, 0; 0, 60]</P>
    <Branch>
      <P Name="ZOrder">1475</P>
      <P Name="Points">[0, 45]</P>
      <P Name="Dst">2#in:1</P>
    </Branch>
    <Branch>
      <P Name="ZOrder">1458</P>
      <P Name="Dst">236#in:1</P>
    </Branch>
  </Line>
  <Line>
    <P Name="Name">&lt;signal2&gt;</P>
    <P Name="ZOrder">1515</P>
    <P Name="Labels">[0, 0]</P>
    <P Name="Src">398#out:2</P>
    <P Name="Points">[206, 0]</P>
    <Branch>
      <P Name="ZOrder">1511</P>
      <P Name="Points">[0, -70]</P>
      <P Name="Dst">2#in:7</P>
    </Branch>
    <Branch>
      <P Name="ZOrder">1478</P>
      <P Name="Dst">163#in:1</P>
    </Branch>
  </Line>
  <Line>
    <P Name="Name">&lt;signal1&gt;</P>
    <P Name="ZOrder">1514</P>
    <P Name="Labels">[0, 0]</P>
    <P Name="Src">398#out:1</P>
    <P Name="Points">[177, 0; 0, -60]</P>
    <P Name="Dst">2#in:6</P>
  </Line>
  <Line>
    <P Name="ZOrder">1460</P>
    <P Name="Src">2#out:2</P>
    <P Name="Dst">238#in:1</P>
  </Line>
  <Line>
    <P Name="ZOrder">1455</P>
    <P Name="Src">233#out:1</P>
    <P Name="Points">[8, 0]</P>
    <Branch>
      <P Name="ZOrder">1490</P>
      <P Name="Points">[0, 35]</P>
      <P Name="Dst">150#in:1</P>
    </Branch>
    <Branch>
      <P Name="ZOrder">1473</P>
      <P Name="Points">[588, 0; 0, 70]</P>
      <P Name="Dst">2#in:2</P>
    </Branch>
  </Line>
  <Line>
    <P Name="ZOrder">1459</P>
    <P Name="Src">2#out:1</P>
    <P Name="Dst">237#in:1</P>
  </Line>
  <Line>
    <P Name="Name">&lt;signal3&gt;</P>
    <P Name="ZOrder">1516</P>
    <P Name="Labels">[0, 0]</P>
    <P Name="Src">398#out:3</P>
    <P Name="Points">[314, 0; 0, -70]</P>
    <P Name="Dst">2#in:9</P>
  </Line>
  <Line>
    <P Name="Name">&lt;signal4&gt;</P>
    <P Name="ZOrder">1517</P>
    <P Name="Labels">[0, 0]</P>
    <P Name="Src">398#out:4</P>
    <P Name="Points">[326, 0; 0, -80]</P>
    <P Name="Dst">2#in:10</P>
  </Line>
  <Line>
    <P Name="ZOrder">1513</P>
    <P Name="Src">371#out:1</P>
    <P Name="Dst">398#in:1</P>
  </Line>
</System>
