<?xml version="1.0" encoding="utf-8"?>
<System>
  <P Name="Location">[223, 338, 826, 833]</P>
  <P Name="SetExecutionDomain">off</P>
  <P Name="ExecutionDomainType">Deduce</P>
  <P Name="SIDHighWatermark">35</P>
  <P Name="SimulinkSubDomain">Simulink</P>
  <Block BlockType="Inport" Name="time" SID="299::27">
    <P Name="Position">[20, 101, 40, 119]</P>
    <P Name="ZOrder">18</P>
  </Block>
  <Block BlockType="Demux" Name=" Demux " SID="299::34">
    <P Name="Ports">[1, 1]</P>
    <P Name="Position">[270, 230, 320, 270]</P>
    <P Name="ZOrder">20</P>
    <P Name="Outputs">1</P>
  </Block>
  <Block BlockType="S-Function" Name=" SFunction " SID="299::33">
    <P Name="Tag">Stateflow S-Function 7</P>
    <P Name="Ports">[1, 2]</P>
    <P Name="Position">[180, 100, 230, 160]</P>
    <P Name="ZOrder">19</P>
    <P Name="FunctionName">sf_sfun</P>
    <P Name="Parameters">Parameter</P>
    <P Name="PortCounts">[1 2]</P>
    <P Name="SFunctionDeploymentMode">off</P>
    <P Name="EnableBusSupport">on</P>
    <P Name="SFcnIsStateOwnerBlock">off</P>
    <Port>
      <P Name="PortNumber">2</P>
      <P Name="Name">p_ref</P>
    </Port>
  </Block>
  <Block BlockType="Terminator" Name=" Terminator " SID="299::35">
    <P Name="Position">[460, 241, 480, 259]</P>
    <P Name="ZOrder">21</P>
  </Block>
  <Block BlockType="Outport" Name="p_ref" SID="299::5">
    <P Name="Position">[460, 101, 480, 119]</P>
    <P Name="ZOrder">-5</P>
  </Block>
  <Line>
    <P Name="ZOrder">5</P>
    <P Name="Src">299::27#out:1</P>
    <P Name="Dst">299::33#in:1</P>
  </Line>
  <Line>
    <P Name="Name">p_ref</P>
    <P Name="ZOrder">6</P>
    <P Name="Labels">[0, 0]</P>
    <P Name="Src">299::33#out:2</P>
    <P Name="Dst">299::5#in:1</P>
  </Line>
  <Line>
    <P Name="ZOrder">7</P>
    <P Name="Src">299::34#out:1</P>
    <P Name="Dst">299::35#in:1</P>
  </Line>
  <Line>
    <P Name="ZOrder">8</P>
    <P Name="Src">299::33#out:1</P>
    <P Name="Dst">299::34#in:1</P>
  </Line>
</System>
