<?xml version="1.0" encoding="utf-8"?>
<chart id="31">
  <P Name="name">Controller 2/Controller 2</P>
  <P Name="windowPosition">[422 539.941 189 413]</P>
  <P Name="viewLimits">[0 156.75 0 153.75]</P>
  <P Name="screen">[1 1 3600 1200 1.180555555555556]</P>
  <P Name="viewObj">31</P>
  <P Name="ssIdHighWaterMark">25</P>
  <P Name="decomposition">CLUSTER_CHART</P>
  <P Name="type">EML_CHART</P>
  <P Name="chartFileNumber">1</P>
  <P Name="disableImplicitCasting">1</P>
  <eml>
    <P Name="name">quad_control2</P>
  </eml>
  <Children>
    <state SSID="1">
      <P Name="labelString">eML_blk_kernel()</P>
      <P Name="position">[18 64.5 118 66]</P>
      <P Name="fontSize">12</P>
      <P Name="superState">SUBCHART</P>
      <P Name="subviewer">31</P>
      <P Name="type">FUNC_STATE</P>
      <P Name="decomposition">CLUSTER_STATE</P>
      <eml>
        <P Name="isEML">1</P>
        <P Name="script"> function [u,ep]   = quad_control2(m,p_ref,v_ref,a_ref, a_ref_dot,Parameter,p,v,a,R,W)
%QUADROTOR_CONTROLLER Summary of this function goes here

[u,ep] = quadcopter_controller2(m, p,p_ref,v_ref,a_ref, a_ref_dot, Parameter,v,a,R,W);
</P>
        <P Name="editorLayout" Class="double">Matrix(4,1)
[10.0, 5.0, 700.0, 500.0]</P>
      </eml>
    </state>
    <data SSID="25" name="m">
      <P Name="scope">INPUT_DATA</P>
      <props>
        <array>
          <P Name="size">-1</P>
        </array>
        <type>
          <P Name="method">SF_INHERITED_TYPE</P>
          <P Name="primitive">SF_DOUBLE_TYPE</P>
          <P Name="isSigned">1</P>
          <P Name="wordLength">16</P>
        </type>
        <P Name="complexity">SF_COMPLEX_INHERITED</P>
        <P Name="frame">SF_FRAME_INHERITED</P>
        <unit>
          <P Name="name">inherit</P>
        </unit>
      </props>
      <P Name="dataType">Inherit: Same as Simulink</P>
    </data>
    <data SSID="7" name="p_ref">
      <P Name="scope">INPUT_DATA</P>
      <props>
        <array>
          <P Name="size">-1</P>
        </array>
        <type>
          <P Name="method">SF_INHERITED_TYPE</P>
          <P Name="primitive">SF_DOUBLE_TYPE</P>
          <P Name="isSigned">1</P>
          <P Name="wordLength">16</P>
        </type>
        <P Name="complexity">SF_COMPLEX_INHERITED</P>
        <P Name="frame">SF_FRAME_INHERITED</P>
        <unit>
          <P Name="name">inherit</P>
        </unit>
      </props>
      <P Name="dataType">Inherit: Same as Simulink</P>
    </data>
    <data SSID="16" name="v_ref">
      <P Name="scope">INPUT_DATA</P>
      <props>
        <array>
          <P Name="size">-1</P>
        </array>
        <type>
          <P Name="method">SF_INHERITED_TYPE</P>
          <P Name="primitive">SF_DOUBLE_TYPE</P>
          <P Name="isSigned">1</P>
          <P Name="wordLength">16</P>
        </type>
        <P Name="complexity">SF_COMPLEX_INHERITED</P>
        <P Name="frame">SF_FRAME_INHERITED</P>
        <unit>
          <P Name="name">inherit</P>
        </unit>
      </props>
      <P Name="dataType">Inherit: Same as Simulink</P>
    </data>
    <data SSID="20" name="a_ref">
      <P Name="scope">INPUT_DATA</P>
      <props>
        <array>
          <P Name="size">-1</P>
        </array>
        <type>
          <P Name="method">SF_INHERITED_TYPE</P>
          <P Name="primitive">SF_DOUBLE_TYPE</P>
          <P Name="isSigned">1</P>
          <P Name="wordLength">16</P>
        </type>
        <P Name="complexity">SF_COMPLEX_INHERITED</P>
        <P Name="frame">SF_FRAME_INHERITED</P>
        <unit>
          <P Name="name">inherit</P>
        </unit>
      </props>
      <P Name="dataType">Inherit: Same as Simulink</P>
    </data>
    <data SSID="19" name="a_ref_dot">
      <P Name="scope">INPUT_DATA</P>
      <props>
        <array>
          <P Name="size">-1</P>
        </array>
        <type>
          <P Name="method">SF_INHERITED_TYPE</P>
          <P Name="primitive">SF_DOUBLE_TYPE</P>
          <P Name="isSigned">1</P>
          <P Name="wordLength">16</P>
        </type>
        <P Name="complexity">SF_COMPLEX_INHERITED</P>
        <P Name="frame">SF_FRAME_INHERITED</P>
        <unit>
          <P Name="name">inherit</P>
        </unit>
      </props>
      <P Name="dataType">Inherit: Same as Simulink</P>
    </data>
    <data SSID="8" name="Parameter">
      <P Name="scope">PARAMETER_DATA</P>
      <props>
        <array>
          <P Name="size">-1</P>
        </array>
        <type>
          <P Name="method">SF_INHERITED_TYPE</P>
          <P Name="primitive">SF_DOUBLE_TYPE</P>
          <P Name="isSigned">1</P>
          <P Name="wordLength">16</P>
        </type>
        <P Name="complexity">SF_COMPLEX_INHERITED</P>
        <P Name="frame">SF_FRAME_INHERITED</P>
        <unit>
          <P Name="name">inherit</P>
        </unit>
      </props>
      <P Name="dataType">Inherit: Same as Simulink</P>
    </data>
    <data SSID="4" name="p">
      <P Name="scope">INPUT_DATA</P>
      <props>
        <array>
          <P Name="size">-1</P>
        </array>
        <type>
          <P Name="method">SF_INHERITED_TYPE</P>
          <P Name="primitive">SF_DOUBLE_TYPE</P>
        </type>
        <P Name="complexity">SF_COMPLEX_INHERITED</P>
        <unit>
          <P Name="name">inherit</P>
        </unit>
      </props>
      <P Name="dataType">Inherit: Same as Simulink</P>
    </data>
    <data SSID="5" name="u">
      <P Name="scope">OUTPUT_DATA</P>
      <props>
        <array>
          <P Name="size">-1</P>
        </array>
        <type>
          <P Name="method">SF_INHERITED_TYPE</P>
          <P Name="primitive">SF_DOUBLE_TYPE</P>
        </type>
        <P Name="complexity">SF_COMPLEX_INHERITED</P>
        <P Name="frame">SF_FRAME_NO</P>
        <unit>
          <P Name="name">inherit</P>
        </unit>
      </props>
      <P Name="dataType">Inherit: Same as Simulink</P>
    </data>
    <data SSID="6" name="v">
      <P Name="scope">INPUT_DATA</P>
      <props>
        <array>
          <P Name="size">-1</P>
        </array>
        <type>
          <P Name="method">SF_INHERITED_TYPE</P>
          <P Name="primitive">SF_DOUBLE_TYPE</P>
          <P Name="isSigned">1</P>
          <P Name="wordLength">16</P>
        </type>
        <P Name="complexity">SF_COMPLEX_INHERITED</P>
        <P Name="frame">SF_FRAME_INHERITED</P>
        <unit>
          <P Name="name">inherit</P>
        </unit>
      </props>
      <P Name="dataType">Inherit: Same as Simulink</P>
    </data>
    <data SSID="22" name="a">
      <P Name="scope">INPUT_DATA</P>
      <props>
        <array>
          <P Name="size">-1</P>
        </array>
        <type>
          <P Name="method">SF_INHERITED_TYPE</P>
          <P Name="primitive">SF_DOUBLE_TYPE</P>
          <P Name="isSigned">1</P>
          <P Name="wordLength">16</P>
        </type>
        <P Name="complexity">SF_COMPLEX_INHERITED</P>
        <P Name="frame">SF_FRAME_INHERITED</P>
        <unit>
          <P Name="name">inherit</P>
        </unit>
      </props>
      <P Name="dataType">Inherit: Same as Simulink</P>
    </data>
    <data SSID="24" name="R">
      <P Name="scope">INPUT_DATA</P>
      <props>
        <array>
          <P Name="size">-1</P>
        </array>
        <type>
          <P Name="method">SF_INHERITED_TYPE</P>
          <P Name="primitive">SF_DOUBLE_TYPE</P>
          <P Name="isSigned">1</P>
          <P Name="wordLength">16</P>
        </type>
        <P Name="complexity">SF_COMPLEX_INHERITED</P>
        <P Name="frame">SF_FRAME_INHERITED</P>
        <unit>
          <P Name="name">inherit</P>
        </unit>
      </props>
      <P Name="dataType">Inherit: Same as Simulink</P>
    </data>
    <data SSID="10" name="W">
      <P Name="scope">INPUT_DATA</P>
      <props>
        <array>
          <P Name="size">-1</P>
        </array>
        <type>
          <P Name="method">SF_INHERITED_TYPE</P>
          <P Name="primitive">SF_DOUBLE_TYPE</P>
          <P Name="isSigned">1</P>
          <P Name="wordLength">16</P>
        </type>
        <P Name="complexity">SF_COMPLEX_INHERITED</P>
        <P Name="frame">SF_FRAME_INHERITED</P>
        <unit>
          <P Name="name">inherit</P>
        </unit>
      </props>
      <P Name="dataType">Inherit: Same as Simulink</P>
    </data>
    <data SSID="21" name="ep">
      <P Name="scope">OUTPUT_DATA</P>
      <props>
        <array>
          <P Name="size">-1</P>
        </array>
        <type>
          <P Name="method">SF_INHERITED_TYPE</P>
          <P Name="primitive">SF_DOUBLE_TYPE</P>
          <P Name="isSigned">1</P>
          <P Name="wordLength">16</P>
        </type>
        <P Name="complexity">SF_COMPLEX_INHERITED</P>
        <P Name="frame">SF_FRAME_NO</P>
        <unit>
          <P Name="name">inherit</P>
        </unit>
      </props>
      <P Name="dataType">Inherit: Same as Simulink</P>
    </data>
    <transition SSID="2">
      <P Name="labelString">{eML_blk_kernel();}</P>
      <P Name="labelPosition">[28.125 13.875 102.544 14.964]</P>
      <P Name="fontSize">12</P>
      <src>
        <P Name="intersection">[0 0 1 0 23.5747 14.625 0 0]</P>
      </src>
      <dst>
        <P Name="SSID">3</P>
        <P Name="intersection">[1 0 -1 0 23.5747 42.5747 0 0]</P>
      </dst>
      <P Name="midPoint">[23.5747 24.9468]</P>
      <P Name="dataLimits">[21.175 25.975 14.625 42.575]</P>
      <P Name="subviewer">31</P>
      <P Name="drawStyle">SMART</P>
      <slide>
        <P Name="sticky">BOTH_STICK</P>
      </slide>
      <P Name="executionOrder">1</P>
    </transition>
    <junction SSID="3">
      <P Name="position">[23.5747 49.5747 7]</P>
      <P Name="subviewer">31</P>
      <P Name="type">CONNECTIVE_JUNCTION</P>
    </junction>
  </Children>
</chart>
