<?xml version="1.0" encoding="utf-8"?>
<Stateflow>
  <machine id="30">
    <P Name="sfVersion">80000032</P>
    <Children>
      <target id="177" name="sfun">
        <P Name="description">Default Simulink S-Function Target.</P>
      </target>
      <chart Ref="chart_31"/>
      <chart Ref="chart_49"/>
      <chart Ref="chart_68"/>
      <chart Ref="chart_75"/>
      <chart Ref="chart_90"/>
      <chart Ref="chart_98"/>
      <chart Ref="chart_109"/>
      <chart Ref="chart_117"/>
      <chart Ref="chart_138"/>
      <chart Ref="chart_145"/>
      <chart Ref="chart_163"/>
      <chart Ref="chart_170"/>
    </Children>
  </machine>
  <instance id="48">
    <P Name="machine">30</P>
    <P Name="name">Controller 2/Controller 2</P>
    <P Name="chart">31</P>
  </instance>
  <instance id="67">
    <P Name="machine">30</P>
    <P Name="name">Model 2/MATLAB Function</P>
    <P Name="chart">49</P>
  </instance>
  <instance id="74">
    <P Name="machine">30</P>
    <P Name="name">Model 2/Displayer/MATLAB Function2</P>
    <P Name="chart">68</P>
  </instance>
  <instance id="89">
    <P Name="machine">30</P>
    <P Name="name">MATLAB Function3</P>
    <P Name="chart">75</P>
  </instance>
  <instance id="97">
    <P Name="machine">30</P>
    <P Name="name">MATLAB Function4</P>
    <P Name="chart">90</P>
  </instance>
  <instance id="108">
    <P Name="machine">30</P>
    <P Name="name">MATLAB Function1</P>
    <P Name="chart">98</P>
  </instance>
  <instance id="116">
    <P Name="machine">30</P>
    <P Name="name">MATLAB Function2</P>
    <P Name="chart">109</P>
  </instance>
  <instance id="137">
    <P Name="machine">30</P>
    <P Name="name">Model 1/MATLAB Function</P>
    <P Name="chart">117</P>
  </instance>
  <instance id="144">
    <P Name="machine">30</P>
    <P Name="name">MATLAB Function5</P>
    <P Name="chart">138</P>
  </instance>
  <instance id="162">
    <P Name="machine">30</P>
    <P Name="name">Controller 1/MATLAB Function1</P>
    <P Name="chart">145</P>
  </instance>
  <instance id="169">
    <P Name="machine">30</P>
    <P Name="name">Model 1/Displayer/MATLAB Function2</P>
    <P Name="chart">163</P>
  </instance>
  <instance id="176">
    <P Name="machine">30</P>
    <P Name="name">MATLAB Function6</P>
    <P Name="chart">170</P>
  </instance>
</Stateflow>
