<?xml version="1.0" encoding="utf-8"?>
<GraphicalInterface>
  <P Name="NumRootInports">0</P>
  <P Name="NumRootOutports">0</P>
  <P Name="ParameterArgumentNames"/>
  <P Name="NumModelReferences">0</P>
  <P Name="NumTestPointedSignals">0</P>
  <P Name="NumProvidedFunctions">0</P>
  <P Name="NumRequiredFunctions">0</P>
  <P Name="NumResetEvents">0</P>
  <P Name="HasInitializeEvent">0</P>
  <P Name="HasTerminateEvent">0</P>
  <P Name="PreCompExecutionDomainType">Unset</P>
  <P Name="IsExportFunctionModel">0</P>
  <P Name="IsArchitectureModel">0</P>
  <P Name="IsAUTOSARArchitectureModel">0</P>
  <P Name="NumParameterArguments">0</P>
  <P Name="NumExternalFileReferences">10</P>
  <ExternalFileReference>
    <P Name="Reference">eeGeneralControl/Filtered Derivative
(Discrete or Continuous)</P>
    <P Name="Path">$bdroot/Controller 1/Filtered Derivative (Discrete or Continuous)1</P>
    <P Name="SID">341</P>
    <P Name="Type">LIBRARY_BLOCK</P>
  </ExternalFileReference>
  <ExternalFileReference>
    <P Name="Reference">eeGeneralControl/Filtered Derivative
(Discrete or Continuous)</P>
    <P Name="Path">$bdroot/Controller 1/Filtered Derivative (Discrete or Continuous)2</P>
    <P Name="SID">342</P>
    <P Name="Type">LIBRARY_BLOCK</P>
  </ExternalFileReference>
  <ExternalFileReference>
    <P Name="Reference">eeGeneralControl/Filtered Derivative
(Discrete or Continuous)</P>
    <P Name="Path">$bdroot/Controller 1/Filtered Derivative (Discrete or Continuous)3</P>
    <P Name="SID">343</P>
    <P Name="Type">LIBRARY_BLOCK</P>
  </ExternalFileReference>
  <ExternalFileReference>
    <P Name="Reference">eeGeneralControl/Filtered Derivative
(Discrete or Continuous)</P>
    <P Name="Path">$bdroot/Controller 1/Filtered Derivative (Discrete or Continuous)5</P>
    <P Name="SID">344</P>
    <P Name="Type">LIBRARY_BLOCK</P>
  </ExternalFileReference>
  <ExternalFileReference>
    <P Name="Reference">eeGeneralControl/Filtered Derivative
(Discrete or Continuous)</P>
    <P Name="Path">$bdroot/Controller 2/Filtered Derivative (Discrete or Continuous)1</P>
    <P Name="SID">160</P>
    <P Name="Type">LIBRARY_BLOCK</P>
  </ExternalFileReference>
  <ExternalFileReference>
    <P Name="Reference">eeGeneralControl/Filtered Derivative
(Discrete or Continuous)</P>
    <P Name="Path">$bdroot/Controller 2/Filtered Derivative (Discrete or Continuous)2</P>
    <P Name="SID">150</P>
    <P Name="Type">LIBRARY_BLOCK</P>
  </ExternalFileReference>
  <ExternalFileReference>
    <P Name="Reference">eeGeneralControl/Filtered Derivative
(Discrete or Continuous)</P>
    <P Name="Path">$bdroot/Controller 2/Filtered Derivative (Discrete or Continuous)3</P>
    <P Name="SID">161</P>
    <P Name="Type">LIBRARY_BLOCK</P>
  </ExternalFileReference>
  <ExternalFileReference>
    <P Name="Reference">eeGeneralControl/Filtered Derivative
(Discrete or Continuous)</P>
    <P Name="Path">$bdroot/Controller 2/Filtered Derivative (Discrete or Continuous)5</P>
    <P Name="SID">163</P>
    <P Name="Type">LIBRARY_BLOCK</P>
  </ExternalFileReference>
  <ExternalFileReference>
    <P Name="Reference">eeGeneralControl/Filtered Derivative
(Discrete or Continuous)</P>
    <P Name="Path">$bdroot/Model 1/Filtered Derivative (Discrete or Continuous)4</P>
    <P Name="SID">321</P>
    <P Name="Type">LIBRARY_BLOCK</P>
  </ExternalFileReference>
  <ExternalFileReference>
    <P Name="Reference">eeGeneralControl/Filtered Derivative
(Discrete or Continuous)</P>
    <P Name="Path">$bdroot/Model 2/Filtered Derivative (Discrete or Continuous)4</P>
    <P Name="SID">162</P>
    <P Name="Type">LIBRARY_BLOCK</P>
  </ExternalFileReference>
  <P Name="OrderedModelArguments">1</P>
</GraphicalInterface>
