<?xml version="1.0" encoding="UTF-8" standalone="yes" ?><cp:coreProperties xmlns:cp="http://schemas.openxmlformats.org/package/2006/metadata/core-properties" xmlns:dc="http://purl.org/dc/elements/1.1/" xmlns:dcmitype="http://purl.org/dc/dcmitype/" xmlns:dcterms="http://purl.org/dc/terms/" xmlns:xsi="http://www.w3.org/2001/XMLSchema-instance"><cp:category>model</cp:category><dcterms:created xsi:type="dcterms:W3CDTF">2022-02-19T23:39:34Z</dcterms:created><dc:creator>salva</dc:creator><cp:lastModifiedBy>salva</cp:lastModifiedBy><dcterms:modified xsi:type="dcterms:W3CDTF">2022-09-13T17:54:45Z</dcterms:modified><cp:revision>1.996</cp:revision><cp:version>R2020a</cp:version></cp:coreProperties>